Tanggal,Kurs_IDR
2018-03-16,3513.89990234375
2018-03-17,3513.89990234375
2018-03-18,3513.89990234375
2018-03-19,3509.800048828125
2018-03-20,3508.60009765625
2018-03-21,3504.39990234375
2018-03-22,3517.5
2018-03-23,3471.0
2018-03-24,3471.0
2018-03-25,3471.0
2018-03-26,3470.60009765625
2018-03-27,3520.800048828125
2018-03-28,3541.699951171875
2018-03-29,3569.300048828125
2018-03-30,3559.199951171875
2018-03-31,3559.199951171875
2018-04-01,3559.199951171875
2018-04-02,3510.5
2018-04-03,3561.89990234375
2018-04-04,3550.39990234375
2018-04-05,3545.800048828125
2018-04-06,3560.199951171875
2018-04-07,3560.199951171875
2018-04-08,3560.199951171875
2018-04-09,3499.39990234375
2018-04-10,3507.39990234375
2018-04-11,3551.60009765625
2018-04-12,3539.199951171875
2018-04-13,3554.89990234375
2018-04-14,3554.89990234375
2018-04-15,3554.89990234375
2018-04-16,3543.60009765625
2018-04-17,3542.5
2018-04-18,3533.10009765625
2018-04-19,3543.699951171875
2018-04-20,3543.300048828125
2018-04-21,3543.300048828125
2018-04-22,3543.300048828125
2018-04-23,3512.699951171875
2018-04-24,3549.10009765625
2018-04-25,3549.39990234375
2018-04-26,3551.300048828125
2018-04-27,3537.89990234375
2018-04-28,3537.89990234375
2018-04-29,3537.89990234375
2018-04-30,3540.300048828125
2018-05-01,3540.699951171875
2018-05-02,3509.199951171875
2018-05-03,3556.0
2018-05-04,3527.199951171875
2018-05-05,3527.199951171875
2018-05-06,3527.199951171875
2018-05-07,3488.89990234375
2018-05-08,3543.699951171875
2018-05-09,3513.699951171875
2018-05-10,3477.39990234375
2018-05-11,3562.699951171875
2018-05-12,3562.699951171875
2018-05-13,3562.699951171875
2018-05-14,3482.5
2018-05-15,3523.89990234375
2018-05-16,3542.800048828125
2018-05-17,3497.199951171875
2018-05-18,3487.300048828125
2018-05-19,3487.300048828125
2018-05-20,3487.300048828125
2018-05-21,3513.89990234375
2018-05-22,3549.60009765625
2018-05-23,3522.699951171875
2018-05-24,3564.10009765625
2018-05-25,3546.199951171875
2018-05-26,3546.199951171875
2018-05-27,3546.199951171875
2018-05-28,3548.89990234375
2018-05-29,3472.5
2018-05-30,3503.5
2018-05-31,3503.699951171875
2018-06-01,3494.5
2018-06-02,3494.5
2018-06-03,3494.5
2018-06-04,3443.10009765625
2018-06-05,3443.0
2018-06-06,3480.5
2018-06-07,3478.800048828125
2018-06-08,3477.800048828125
2018-06-09,3477.800048828125
2018-06-10,3477.800048828125
2018-06-11,3443.39990234375
2018-06-12,3445.800048828125
2018-06-13,3483.699951171875
2018-06-14,3491.300048828125
2018-06-15,3491.0
2018-06-16,3491.0
2018-06-17,3491.0
2018-06-18,3484.39990234375
2018-06-19,3481.89990234375
2018-06-20,3480.89990234375
2018-06-21,3476.39990234375
2018-06-22,3522.0
2018-06-23,3522.0
2018-06-24,3522.0
2018-06-25,3510.89990234375
2018-06-26,3527.10009765625
2018-06-27,3517.699951171875
2018-06-28,3516.0
2018-06-29,3544.800048828125
2018-06-30,3544.800048828125
2018-07-01,3544.800048828125
2018-07-02,3551.60009765625
2018-07-03,3558.300048828125
2018-07-04,3553.199951171875
2018-07-05,3480.300048828125
2018-07-06,3546.39990234375
2018-07-07,3546.39990234375
2018-07-08,3546.39990234375
2018-07-09,3508.300048828125
2018-07-10,3553.800048828125
2018-07-11,3567.199951171875
2018-07-12,3560.699951171875
2018-07-13,3562.39990234375
2018-07-14,3562.39990234375
2018-07-15,3562.39990234375
2018-07-16,3553.60009765625
2018-07-17,3564.5
2018-07-18,3559.10009765625
2018-07-19,3552.699951171875
2018-07-20,3550.89990234375
2018-07-21,3550.89990234375
2018-07-22,3550.89990234375
2018-07-23,3516.60009765625
2018-07-24,3519.5
2018-07-25,3539.89990234375
2018-07-26,3530.60009765625
2018-07-27,3522.60009765625
2018-07-28,3522.60009765625
2018-07-29,3522.60009765625
2018-07-30,3491.60009765625
2018-07-31,3548.199951171875
2018-08-01,3561.5
2018-08-02,3548.60009765625
2018-08-03,3554.800048828125
2018-08-04,3554.800048828125
2018-08-05,3554.800048828125
2018-08-06,3547.60009765625
2018-08-07,3544.199951171875
2018-08-08,3539.39990234375
2018-08-09,3547.5
2018-08-10,3529.39990234375
2018-08-11,3529.39990234375
2018-08-12,3529.39990234375
2018-08-13,3540.199951171875
2018-08-14,3558.39990234375
2018-08-15,3576.39990234375
2018-08-16,3558.39990234375
2018-08-17,3579.199951171875
2018-08-18,3579.199951171875
2018-08-19,3579.199951171875
2018-08-20,3561.39990234375
2018-08-21,3553.199951171875
2018-08-22,3558.89990234375
2018-08-23,3552.800048828125
2018-08-24,3522.39990234375
2018-08-25,3522.39990234375
2018-08-26,3522.39990234375
2018-08-27,3515.5
2018-08-28,3498.699951171875
2018-08-29,3507.89990234375
2018-08-30,3490.800048828125
2018-08-31,3533.10009765625
2018-09-01,3533.10009765625
2018-09-02,3533.10009765625
2018-09-03,3552.199951171875
2018-09-04,3541.89990234375
2018-09-05,3552.5
2018-09-06,3540.10009765625
2018-09-07,3549.5
2018-09-08,3549.5
2018-09-09,3549.5
2018-09-10,3542.10009765625
2018-09-11,3534.300048828125
2018-09-12,3530.300048828125
2018-09-13,3580.10009765625
2018-09-14,3556.699951171875
2018-09-15,3556.699951171875
2018-09-16,3556.699951171875
2018-09-17,3576.199951171875
2018-09-18,3589.89990234375
2018-09-19,3598.199951171875
2018-09-20,3592.0
2018-09-21,3586.800048828125
2018-09-22,3586.800048828125
2018-09-23,3586.800048828125
2018-09-24,3540.800048828125
2018-09-25,3553.39990234375
2018-09-26,3604.60009765625
2018-09-27,3606.300048828125
2018-09-28,3605.39990234375
2018-09-29,3605.39990234375
2018-09-30,3605.39990234375
2018-10-01,3599.199951171875
2018-10-02,3601.60009765625
2018-10-03,3628.89990234375
2018-10-04,3634.39990234375
2018-10-05,3661.800048828125
2018-10-06,3661.800048828125
2018-10-07,3661.800048828125
2018-10-08,3612.699951171875
2018-10-09,3606.39990234375
2018-10-10,3670.10009765625
2018-10-11,3657.60009765625
2018-10-12,3666.60009765625
2018-10-13,3666.60009765625
2018-10-14,3666.60009765625
2018-10-15,3651.800048828125
2018-10-16,3655.5
2018-10-17,3663.10009765625
2018-10-18,3635.800048828125
2018-10-19,3641.199951171875
2018-10-20,3641.199951171875
2018-10-21,3641.199951171875
2018-10-22,3646.89990234375
2018-10-23,3649.800048828125
2018-10-24,3647.800048828125
2018-10-25,3650.60009765625
2018-10-26,3635.39990234375
2018-10-27,3635.39990234375
2018-10-28,3635.39990234375
2018-10-29,3596.199951171875
2018-10-30,3638.10009765625
2018-10-31,3644.39990234375
2018-11-01,3631.0
2018-11-02,3613.199951171875
2018-11-03,3613.199951171875
2018-11-04,3613.199951171875
2018-11-05,3593.10009765625
2018-11-06,3599.5
2018-11-07,3553.5
2018-11-08,3505.10009765625
2018-11-09,3484.699951171875
2018-11-10,3484.699951171875
2018-11-11,3484.699951171875
2018-11-12,3511.300048828125
2018-11-13,3494.39990234375
2018-11-14,3528.300048828125
2018-11-15,3519.10009765625
2018-11-16,3517.39990234375
2018-11-17,3517.39990234375
2018-11-18,3517.39990234375
2018-11-19,3437.199951171875
2018-11-20,3482.89990234375
2018-11-21,3471.300048828125
2018-11-22,3493.0
2018-11-23,3429.5
2018-11-24,3429.5
2018-11-25,3429.5
2018-11-26,3418.5
2018-11-27,3449.39990234375
2018-11-28,3464.199951171875
2018-11-29,3448.39990234375
2018-11-30,3432.199951171875
2018-12-01,3432.199951171875
2018-12-02,3432.199951171875
2018-12-03,3369.60009765625
2018-12-04,3415.5
2018-12-05,3425.300048828125
2018-12-06,3427.0
2018-12-07,3485.60009765625
2018-12-08,3485.60009765625
2018-12-09,3485.60009765625
2018-12-10,3475.699951171875
2018-12-11,3484.0
2018-12-12,3486.10009765625
2018-12-13,3481.199951171875
2018-12-14,3489.199951171875
2018-12-15,3489.199951171875
2018-12-16,3489.199951171875
2018-12-17,3480.5
2018-12-18,3498.5
2018-12-19,3456.0
2018-12-20,3454.300048828125
2018-12-21,3446.39990234375
2018-12-22,3446.39990234375
2018-12-23,3446.39990234375
2018-12-24,3479.89990234375
2018-12-25,3431.60009765625
2018-12-26,3435.0
2018-12-27,3469.10009765625
2018-12-28,3501.10009765625
2018-12-29,3501.10009765625
2018-12-30,3501.10009765625
2018-12-31,3502.199951171875
2019-01-01,3477.0
2019-01-02,3400.300048828125
2019-01-03,3478.699951171875
2019-01-04,3474.10009765625
2019-01-05,3474.10009765625
2019-01-06,3474.10009765625
2019-01-07,3459.300048828125
2019-01-08,3422.699951171875
2019-01-09,3440.89990234375
2019-01-10,3375.300048828125
2019-01-11,3434.699951171875
2019-01-12,3434.699951171875
2019-01-13,3434.699951171875
2019-01-14,3443.10009765625
2019-01-15,3444.699951171875
2019-01-16,3436.89990234375
2019-01-17,3436.5
2019-01-18,3447.60009765625
2019-01-19,3447.60009765625
2019-01-20,3447.60009765625
2019-01-21,3437.39990234375
2019-01-22,3399.300048828125
2019-01-23,3439.300048828125
2019-01-24,3427.89990234375
2019-01-25,3416.10009765625
2019-01-26,3416.10009765625
2019-01-27,3416.10009765625
2019-01-28,3365.39990234375
2019-01-29,3421.0
2019-01-30,3433.39990234375
2019-01-31,3457.5
2019-02-01,3362.39990234375
2019-02-02,3362.39990234375
2019-02-03,3362.39990234375
2019-02-04,3401.699951171875
2019-02-05,3411.300048828125
2019-02-06,3359.800048828125
2019-02-07,3400.60009765625
2019-02-08,3426.300048828125
2019-02-09,3426.300048828125
2019-02-10,3426.300048828125
2019-02-11,3381.800048828125
2019-02-12,3444.39990234375
2019-02-13,3454.800048828125
2019-02-14,3451.0
2019-02-15,3457.60009765625
2019-02-16,3457.60009765625
2019-02-17,3457.60009765625
2019-02-18,3464.0
2019-02-19,3414.800048828125
2019-02-20,3463.5
2019-02-21,3451.199951171875
2019-02-22,3445.10009765625
2019-02-23,3445.10009765625
2019-02-24,3445.10009765625
2019-02-25,3397.0
2019-02-26,3451.300048828125
2019-02-27,3441.89990234375
2019-02-28,3450.10009765625
2019-03-01,3459.199951171875
2019-03-02,3459.199951171875
2019-03-03,3459.199951171875
2019-03-04,3454.60009765625
2019-03-05,3465.10009765625
2019-03-06,3470.699951171875
2019-03-07,3456.60009765625
2019-03-08,3445.300048828125
2019-03-09,3445.300048828125
2019-03-10,3445.300048828125
2019-03-11,3447.800048828125
2019-03-12,3490.300048828125
2019-03-13,3489.699951171875
2019-03-14,3487.89990234375
2019-03-15,3485.39990234375
2019-03-16,3485.39990234375
2019-03-17,3485.39990234375
2019-03-18,3490.60009765625
2019-03-19,3441.699951171875
2019-03-20,3490.60009765625
2019-03-21,3505.699951171875
2019-03-22,3490.199951171875
2019-03-23,3490.199951171875
2019-03-24,3490.199951171875
2019-03-25,3435.0
2019-03-26,3485.89990234375
2019-03-27,3474.300048828125
2019-03-28,3481.699951171875
2019-03-29,3488.800048828125
2019-03-30,3488.800048828125
2019-03-31,3488.800048828125
2019-04-01,3485.199951171875
2019-04-02,3485.39990234375
2019-04-03,3479.699951171875
2019-04-04,3480.10009765625
2019-04-05,3473.800048828125
2019-04-06,3473.800048828125
2019-04-07,3473.800048828125
2019-04-08,3451.5
2019-04-09,3451.300048828125
2019-04-10,3444.199951171875
2019-04-11,3438.800048828125
2019-04-12,3386.300048828125
2019-04-13,3386.300048828125
2019-04-14,3386.300048828125
2019-04-15,3375.699951171875
2019-04-16,3415.0
2019-04-17,3408.199951171875
2019-04-18,3403.300048828125
2019-04-19,3377.89990234375
2019-04-20,3377.89990234375
2019-04-21,3377.89990234375
2019-04-22,3342.89990234375
2019-04-23,3403.60009765625
2019-04-24,3407.89990234375
2019-04-25,3412.300048828125
2019-04-26,3402.800048828125
2019-04-27,3402.800048828125
2019-04-28,3402.800048828125
2019-04-29,3383.199951171875
2019-04-30,3433.300048828125
2019-05-01,3442.5
2019-05-02,3437.800048828125
2019-05-03,3443.39990234375
2019-05-04,3443.39990234375
2019-05-05,3443.39990234375
2019-05-06,3437.699951171875
2019-05-07,3445.699951171875
2019-05-08,3439.60009765625
2019-05-09,3443.199951171875
2019-05-10,3445.39990234375
2019-05-11,3445.39990234375
2019-05-12,3445.39990234375
2019-05-13,3440.60009765625
2019-05-14,3436.60009765625
2019-05-15,3459.89990234375
2019-05-16,3463.699951171875
2019-05-17,3471.300048828125
2019-05-18,3471.300048828125
2019-05-19,3471.300048828125
2019-05-20,3458.0
2019-05-21,3460.0
2019-05-22,3460.0
2019-05-23,3420.699951171875
2019-05-24,3445.10009765625
2019-05-25,3445.10009765625
2019-05-26,3445.10009765625
2019-05-27,3387.10009765625
2019-05-28,3386.10009765625
2019-05-29,3383.0
2019-05-30,3425.5
2019-05-31,3438.300048828125
2019-06-01,3438.300048828125
2019-06-02,3438.300048828125
2019-06-03,3357.199951171875
2019-06-04,3427.800048828125
2019-06-05,3427.39990234375
2019-06-06,3377.5
2019-06-07,3439.39990234375
2019-06-08,3439.39990234375
2019-06-09,3439.39990234375
2019-06-10,3436.60009765625
2019-06-11,3423.39990234375
2019-06-12,3425.699951171875
2019-06-13,3420.800048828125
2019-06-14,3422.0
2019-06-15,3422.0
2019-06-16,3422.0
2019-06-17,3388.699951171875
2019-06-18,3429.5
2019-06-19,3444.60009765625
2019-06-20,3422.89990234375
2019-06-21,3415.800048828125
2019-06-22,3415.800048828125
2019-06-23,3415.800048828125
2019-06-24,3429.300048828125
2019-06-25,3412.10009765625
2019-06-26,3423.5
2019-06-27,3419.800048828125
2019-06-28,3409.60009765625
2019-06-29,3409.60009765625
2019-06-30,3409.60009765625
2019-07-01,3414.699951171875
2019-07-02,3414.10009765625
2019-07-03,3366.89990234375
2019-07-04,3410.10009765625
2019-07-05,3375.300048828125
2019-07-06,3375.300048828125
2019-07-07,3375.300048828125
2019-07-08,3400.699951171875
2019-07-09,3401.199951171875
2019-07-10,3405.10009765625
2019-07-11,3418.39990234375
2019-07-12,3418.39990234375
2019-07-13,3418.39990234375
2019-07-14,3418.39990234375
2019-07-15,3394.300048828125
2019-07-16,3389.800048828125
2019-07-17,3344.60009765625
2019-07-18,3394.300048828125
2019-07-19,3392.89990234375
2019-07-20,3392.89990234375
2019-07-21,3392.89990234375
2019-07-22,3337.89990234375
2019-07-23,3385.60009765625
2019-07-24,3356.300048828125
2019-07-25,3399.39990234375
2019-07-26,3395.89990234375
2019-07-27,3395.89990234375
2019-07-28,3395.89990234375
2019-07-29,3392.5
2019-07-30,3400.800048828125
2019-07-31,3398.300048828125
2019-08-01,3402.300048828125
2019-08-02,3408.10009765625
2019-08-03,3408.10009765625
2019-08-04,3408.10009765625
2019-08-05,3387.39990234375
2019-08-06,3386.199951171875
2019-08-07,3392.89990234375
2019-08-08,3380.300048828125
2019-08-09,3395.0
2019-08-10,3395.0
2019-08-11,3395.0
2019-08-12,3340.0
2019-08-13,3337.10009765625
2019-08-14,3372.89990234375
2019-08-15,3357.60009765625
2019-08-16,3370.5
2019-08-17,3370.5
2019-08-18,3370.5
2019-08-19,3353.800048828125
2019-08-20,3364.800048828125
2019-08-21,3356.39990234375
2019-08-22,3360.89990234375
2019-08-23,3346.60009765625
2019-08-24,3346.60009765625
2019-08-25,3346.60009765625
2019-08-26,3341.199951171875
2019-08-27,3385.5
2019-08-28,3389.699951171875
2019-08-29,3380.0
2019-08-30,3378.800048828125
2019-08-31,3378.800048828125
2019-09-01,3378.800048828125
2019-09-02,3363.199951171875
2019-09-03,3310.699951171875
2019-09-04,3377.39990234375
2019-09-05,3375.5
2019-09-06,3372.800048828125
2019-09-07,3372.800048828125
2019-09-08,3372.800048828125
2019-09-09,3321.800048828125
2019-09-10,3360.60009765625
2019-09-11,3372.0
2019-09-12,3363.60009765625
2019-09-13,3295.300048828125
2019-09-14,3295.300048828125
2019-09-15,3295.300048828125
2019-09-16,3347.60009765625
2019-09-17,3361.60009765625
2019-09-18,3331.10009765625
2019-09-19,3370.699951171875
2019-09-20,3369.800048828125
2019-09-21,3369.800048828125
2019-09-22,3369.800048828125
2019-09-23,3365.199951171875
2019-09-24,3366.60009765625
2019-09-25,3374.10009765625
2019-09-26,3375.199951171875
2019-09-27,3339.300048828125
2019-09-28,3339.300048828125
2019-09-29,3339.300048828125
2019-09-30,3332.10009765625
2019-10-01,3340.0
2019-10-02,3338.0
2019-10-03,3334.0
2019-10-04,3391.39990234375
2019-10-05,3391.39990234375
2019-10-06,3391.39990234375
2019-10-07,3327.199951171875
2019-10-08,3374.199951171875
2019-10-09,3370.699951171875
2019-10-10,3371.699951171875
2019-10-11,3374.199951171875
2019-10-12,3374.199951171875
2019-10-13,3374.199951171875
2019-10-14,3325.654052734375
2019-10-15,3326.322265625
2019-10-16,3384.745361328125
2019-10-17,3378.305419921875
2019-10-18,3386.357421875
2019-10-19,3386.357421875
2019-10-20,3386.357421875
2019-10-21,3385.90283203125
2019-10-22,3359.96728515625
2019-10-23,3360.831298828125
2019-10-24,3300.731201171875
2019-10-25,3351.369873046875
2019-10-26,3351.369873046875
2019-10-27,3351.369873046875
2019-10-28,3340.713134765625
2019-10-29,3349.766357421875
2019-10-30,3357.13525390625
2019-10-31,3357.370361328125
2019-11-01,3356.51123046875
2019-11-02,3356.51123046875
2019-11-03,3356.51123046875
2019-11-04,3319.864013671875
2019-11-05,3327.0625
2019-11-06,3367.306884765625
2019-11-07,3382.779541015625
2019-11-08,3380.24169921875
2019-11-09,3380.24169921875
2019-11-10,3380.24169921875
2019-11-11,3387.294921875
2019-11-12,3380.53759765625
2019-11-13,3342.487548828125
2019-11-14,3339.875244140625
2019-11-15,3394.830810546875
2019-11-16,3394.830810546875
2019-11-17,3394.830810546875
2019-11-18,3338.42626953125
2019-11-19,3337.367431640625
2019-11-20,3339.139892578125
2019-11-21,3375.89013671875
2019-11-22,3369.104248046875
2019-11-23,3369.104248046875
2019-11-24,3369.104248046875
2019-11-25,3362.28564453125
2019-11-26,3364.32958984375
2019-11-27,3366.605224609375
2019-11-28,3375.936279296875
2019-11-29,3325.99658203125
2019-11-30,3325.99658203125
2019-12-01,3325.99658203125
2019-12-02,3327.16796875
2019-12-03,3399.834716796875
2019-12-04,3379.260986328125
2019-12-05,3355.036865234375
2019-12-06,3354.09375
2019-12-07,3354.09375
2019-12-08,3354.09375
2019-12-09,3360.639892578125
2019-12-10,3362.922119140625
2019-12-11,3365.901123046875
2019-12-12,3371.541259765625
2019-12-13,3364.6474609375
2019-12-14,3364.6474609375
2019-12-15,3364.6474609375
2019-12-16,3361.75732421875
2019-12-17,3379.909423828125
2019-12-18,3371.977294921875
2019-12-19,3371.115966796875
2019-12-20,3373.980224609375
2019-12-21,3373.980224609375
2019-12-22,3373.980224609375
2019-12-23,3366.127685546875
2019-12-24,3372.32861328125
2019-12-25,3378.37841796875
2019-12-26,3326.461669921875
2019-12-27,3381.21630859375
2019-12-28,3381.21630859375
2019-12-29,3381.21630859375
2019-12-30,3388.8984375
2019-12-31,3393.24169921875
2020-01-01,3343.7255859375
2020-01-02,3343.7255859375
2020-01-03,3392.536865234375
2020-01-04,3392.536865234375
2020-01-05,3392.536865234375
2020-01-06,3405.9794921875
2020-01-07,3382.05224609375
2020-01-08,3377.979736328125
2020-01-09,3381.318603515625
2020-01-10,3381.472412109375
2020-01-11,3381.472412109375
2020-01-12,3381.472412109375
2020-01-13,3325.21337890625
2020-01-14,3368.306884765625
2020-01-15,3353.619384765625
2020-01-16,3354.09619140625
2020-01-17,3344.874755859375
2020-01-18,3344.874755859375
2020-01-19,3344.874755859375
2020-01-20,3312.884521484375
2020-01-21,3306.24169921875
2020-01-22,3347.929931640625
2020-01-23,3356.944580078125
2020-01-24,3333.92431640625
2020-01-25,3333.92431640625
2020-01-26,3333.92431640625
2020-01-27,3372.52099609375
2020-01-28,3248.477294921875
2020-01-29,3332.592529296875
2020-01-30,3340.38818359375
2020-01-31,3339.62109375
2020-02-01,3339.62109375
2020-02-02,3339.62109375
2020-02-03,3343.945556640625
2020-02-04,3289.461181640625
2020-02-05,3330.252685546875
2020-02-06,3313.3525390625
2020-02-07,3253.0986328125
2020-02-08,3253.0986328125
2020-02-09,3253.0986328125
2020-02-10,3302.44873046875
2020-02-11,3290.169189453125
2020-02-12,3305.477294921875
2020-02-13,3252.1240234375
2020-02-14,3297.311767578125
2020-02-15,3297.311767578125
2020-02-16,3297.311767578125
2020-02-17,3302.7236328125
2020-02-18,3292.15625
2020-02-19,3279.136962890625
2020-02-20,3287.033935546875
2020-02-21,3273.11376953125
2020-02-22,3273.11376953125
2020-02-23,3273.11376953125
2020-02-24,3296.843994140625
2020-02-25,3292.960205078125
2020-02-26,3284.8115234375
2020-02-27,3297.3125
2020-02-28,3342.951904296875
2020-02-29,3342.951904296875
2020-03-01,3342.951904296875
2020-03-02,3323.913330078125
2020-03-03,340.7559509277344
2020-03-04,3345.904296875
2020-03-05,3345.904296875
2020-03-06,3345.904296875
2020-03-07,3345.904296875
2020-03-08,3345.904296875
2020-03-09,3345.904296875
2020-03-10,3345.904296875
2020-03-11,3345.904296875
2020-03-12,3345.904296875
2020-03-13,3345.904296875
2020-03-14,3345.904296875
2020-03-15,3345.904296875
2020-03-16,3345.904296875
2020-03-17,3345.904296875
2020-03-18,3345.904296875
2020-03-19,3345.904296875
2020-03-20,3345.904296875
2020-03-21,3345.904296875
2020-03-22,3345.904296875
2020-03-23,3345.904296875
2020-03-24,3345.904296875
2020-03-25,3345.904296875
2020-03-26,3345.904296875
2020-03-27,3345.904296875
2020-03-28,3345.904296875
2020-03-29,3345.904296875
2020-03-30,3345.904296875
2020-03-31,3345.904296875
2020-04-01,3345.904296875
2020-04-02,3345.904296875
2020-04-03,3345.904296875
2020-04-04,3345.904296875
2020-04-05,3345.904296875
2020-04-06,3345.904296875
2020-04-07,3345.904296875
2020-04-08,3345.904296875
2020-04-09,3345.904296875
2020-04-10,3345.904296875
2020-04-11,3345.904296875
2020-04-12,3345.904296875
2020-04-13,3345.904296875
2020-04-14,3345.904296875
2020-04-15,3345.904296875
2020-04-16,3345.904296875
2020-04-17,3345.904296875
2020-04-18,3345.904296875
2020-04-19,3345.904296875
2020-04-20,3345.904296875
2020-04-21,3345.904296875
2020-04-22,3345.904296875
2020-04-23,3345.904296875
2020-04-24,3345.904296875
2020-04-25,3345.904296875
2020-04-26,3345.904296875
2020-04-27,3345.904296875
2020-04-28,3345.904296875
2020-04-29,3345.904296875
2020-04-30,3345.904296875
2020-05-01,3345.904296875
2020-05-02,3345.904296875
2020-05-03,3345.904296875
2020-05-04,3345.904296875
2020-05-05,3345.904296875
2020-05-06,3345.904296875
2020-05-07,3345.904296875
2020-05-08,3345.904296875
2020-05-09,3345.904296875
2020-05-10,3345.904296875
2020-05-11,3345.904296875
2020-05-12,3345.904296875
2020-05-13,3345.904296875
2020-05-14,3345.904296875
2020-05-15,3345.904296875
2020-05-16,3345.904296875
2020-05-17,3345.904296875
2020-05-18,3345.904296875
2020-05-19,3345.904296875
2020-05-20,3345.904296875
2020-05-21,3345.904296875
2020-05-22,3345.904296875
2020-05-23,3345.904296875
2020-05-24,3345.904296875
2020-05-25,3345.904296875
2020-05-26,3345.904296875
2020-05-27,3345.904296875
2020-05-28,3345.904296875
2020-05-29,3345.904296875
2020-05-30,3345.904296875
2020-05-31,3345.904296875
2020-06-01,3345.904296875
2020-06-02,3345.904296875
2020-06-03,3345.904296875
2020-06-04,3345.904296875
2020-06-05,3345.904296875
2020-06-06,3345.904296875
2020-06-07,3345.904296875
2020-06-08,3345.904296875
2020-06-09,3345.904296875
2020-06-10,3345.904296875
2020-06-11,3345.904296875
2020-06-12,3345.904296875
2020-06-13,3345.904296875
2020-06-14,3345.904296875
2020-06-15,3276.666259765625
2020-06-16,3295.8466796875
2020-06-17,3265.1162109375
2020-06-18,3294.8193359375
2020-06-19,3259.050048828125
2020-06-20,3259.050048828125
2020-06-21,3259.050048828125
2020-06-22,3284.96142578125
2020-06-23,3307.222900390625
2020-06-24,3305.648193359375
2020-06-25,3286.690185546875
2020-06-26,3300.033447265625
2020-06-27,3300.033447265625
2020-06-28,3300.033447265625
2020-06-29,3294.30810546875
2020-06-30,3291.220458984375
2020-07-01,3319.247314453125
2020-07-02,3323.89501953125
2020-07-03,3324.71337890625
2020-07-04,3324.71337890625
2020-07-05,3324.71337890625
2020-07-06,3336.49560546875
2020-07-07,3326.089599609375
2020-07-08,3328.915771484375
2020-07-09,3374.82373046875
2020-07-10,3348.45947265625
2020-07-11,3348.45947265625
2020-07-12,3348.45947265625
2020-07-13,3335.6328125
2020-07-14,3374.510986328125
2020-07-15,3373.481689453125
2020-07-16,3409.137451171875
2020-07-17,3404.6923828125
2020-07-18,3404.6923828125
2020-07-19,3404.6923828125
2020-07-20,3431.50341796875
2020-07-21,3449.349609375
2020-07-22,3460.796875
2020-07-23,3451.357421875
2020-07-24,3426.556396484375
2020-07-25,3426.556396484375
2020-07-26,3426.556396484375
2020-07-27,3428.513671875
2020-07-28,3413.279296875
2020-07-29,3399.779541015625
2020-07-30,3418.529052734375
2020-07-31,3451.668701171875
2020-08-01,3451.668701171875
2020-08-02,3451.668701171875
2020-08-03,3421.78076171875
2020-08-04,3454.552734375
2020-08-05,3442.174072265625
2020-08-06,3424.138916015625
2020-08-07,3487.6923828125
2020-08-08,3487.6923828125
2020-08-09,3487.6923828125
2020-08-10,3446.06396484375
2020-08-11,3476.79638671875
2020-08-12,3471.295166015625
2020-08-13,3503.603759765625
2020-08-14,3494.02685546875
2020-08-15,3494.02685546875
2020-08-16,3494.02685546875
2020-08-17,3481.6015625
2020-08-18,3514.63427734375
2020-08-19,3503.071044921875
2020-08-20,3493.923095703125
2020-08-21,3493.5517578125
2020-08-22,3493.5517578125
2020-08-23,3493.5517578125
2020-08-24,3487.97021484375
2020-08-25,3466.88720703125
2020-08-26,3466.630859375
2020-08-27,3471.898193359375
2020-08-28,3466.764892578125
2020-08-29,3466.764892578125
2020-08-30,3466.764892578125
2020-08-31,3464.63330078125
2020-09-01,3449.6328125
2020-09-02,3470.90966796875
2020-09-03,3509.66650390625
2020-09-04,3515.458251953125
2020-09-05,3515.458251953125
2020-09-06,3515.458251953125
2020-09-07,3551.595703125
2020-09-08,3498.560302734375
2020-09-09,3549.4296875
2020-09-10,3556.498291015625
2020-09-11,3564.472900390625
2020-09-12,3564.472900390625
2020-09-13,3564.472900390625
2020-09-14,3572.516357421875
2020-09-15,3580.658203125
2020-09-16,3576.398681640625
2020-09-17,3567.0283203125
2020-09-18,3595.19970703125
2020-09-19,3595.19970703125
2020-09-20,3595.19970703125
2020-09-21,3578.5390625
2020-09-22,3558.742919921875
2020-09-23,3549.3955078125
2020-09-24,3547.345947265625
2020-09-25,3570.07470703125
2020-09-26,3570.07470703125
2020-09-27,3570.07470703125
2020-09-28,3556.444091796875
2020-09-29,3557.974609375
2020-09-30,3582.531494140625
2020-10-01,3571.501953125
2020-10-02,3569.21630859375
2020-10-03,3569.21630859375
2020-10-04,3569.21630859375
2020-10-05,3562.90478515625
2020-10-06,3570.272216796875
2020-10-07,3561.7333984375
2020-10-08,3491.13720703125
2020-10-09,3536.060791015625
2020-10-10,3536.060791015625
2020-10-11,3536.060791015625
2020-10-12,3552.416015625
2020-10-13,3498.53857421875
2020-10-14,3526.966796875
2020-10-15,3540.10107421875
2020-10-16,3523.8896484375
2020-10-17,3523.8896484375
2020-10-18,3523.8896484375
2020-10-19,3535.13525390625
2020-10-20,3545.0517578125
2020-10-21,3503.996337890625
2020-10-22,3530.84814453125
2020-10-23,3528.30810546875
2020-10-24,3528.30810546875
2020-10-25,3528.30810546875
2020-10-26,3527.046875
2020-10-27,3511.679931640625
2020-10-28,3505.818359375
2020-10-29,3539.603515625
2020-10-30,3471.33984375
2020-10-31,3471.33984375
2020-11-01,3471.33984375
2020-11-02,3512.03125
2020-11-03,3509.56884765625
2020-11-04,3513.802490234375
2020-11-05,3490.47900390625
2020-11-06,3469.900146484375
2020-11-07,3469.900146484375
2020-11-08,3469.900146484375
2020-11-09,3438.22021484375
2020-11-10,3450.604736328125
2020-11-11,3412.783203125
2020-11-12,3363.484619140625
2020-11-13,3420.453857421875
2020-11-14,3420.453857421875
2020-11-15,3420.453857421875
2020-11-16,3433.978515625
2020-11-17,3426.6123046875
2020-11-18,3413.193359375
2020-11-19,3428.877685546875
2020-11-20,3459.34375
2020-11-21,3459.34375
2020-11-22,3459.34375
2020-11-23,3452.278076171875
2020-11-24,3445.188232421875
2020-11-25,3462.862548828125
2020-11-26,3466.20263671875
2020-11-27,3419.027099609375
2020-11-28,3419.027099609375
2020-11-29,3419.027099609375
2020-11-30,3467.22998046875
2020-12-01,3444.65380859375
2020-12-02,3486.70458984375
2020-12-03,3470.21826171875
2020-12-04,3462.261962890625
2020-12-05,3462.261962890625
2020-12-06,3462.261962890625
2020-12-07,3454.173828125
2020-12-08,3459.846435546875
2020-12-09,3458.277587890625
2020-12-10,3454.405029296875
2020-12-11,3482.97216796875
2020-12-12,3482.97216796875
2020-12-13,3482.97216796875
2020-12-14,3469.620361328125
2020-12-15,3467.556884765625
2020-12-16,3476.1884765625
2020-12-17,3472.03955078125
2020-12-18,3496.9423828125
2020-12-19,3496.9423828125
2020-12-20,3496.9423828125
2020-12-21,3482.431396484375
2020-12-22,3503.217041015625
2020-12-23,3458.29736328125
2020-12-24,3480.01611328125
2020-12-25,3481.421630859375
2020-12-26,3481.421630859375
2020-12-27,3481.421630859375
2020-12-28,3450.67724609375
2020-12-29,3494.492919921875
2020-12-30,3474.9658203125
2020-12-31,3433.878662109375
2021-01-01,3446.2705078125
2021-01-02,3446.2705078125
2021-01-03,3446.2705078125
2021-01-04,3446.2705078125
2021-01-05,3451.56640625
2021-01-06,3463.580810546875
2021-01-07,3450.88916015625
2021-01-08,3443.92138671875
2021-01-09,3443.92138671875
2021-01-10,3443.92138671875
2021-01-11,3430.62109375
2021-01-12,3474.785888671875
2021-01-13,3474.363037109375
2021-01-14,3473.495849609375
2021-01-15,3484.422119140625
2021-01-16,3484.422119140625
2021-01-17,3484.422119140625
2021-01-18,3426.300537109375
2021-01-19,3425.32275390625
2021-01-20,3.46689510345459
2021-01-21,3464.78076171875
2021-01-22,3470.718017578125
2021-01-23,3470.718017578125
2021-01-24,3470.718017578125
2021-01-25,3465.155517578125
2021-01-26,3459.567138671875
2021-01-27,3475.854248046875
2021-01-28,3466.07373046875
2021-01-29,3430.963623046875
2021-01-30,3430.963623046875
2021-01-31,3430.963623046875
2021-02-01,3423.6787109375
2021-02-02,3462.325927734375
2021-02-03,3463.7998046875
2021-02-04,3458.51220703125
2021-02-05,3445.901611328125
2021-02-06,3445.901611328125
2021-02-07,3445.901611328125
2021-02-08,3459.519287109375
2021-02-09,3447.359375
2021-02-10,3459.04248046875
2021-02-11,3456.99658203125
2021-02-12,3458.235595703125
2021-02-13,3458.235595703125
2021-02-14,3458.235595703125
2021-02-15,3459.676025390625
2021-02-16,3401.73828125
2021-02-17,3438.991455078125
2021-02-18,3462.359375
2021-02-19,3469.546630859375
2021-02-20,3469.546630859375
2021-02-21,3469.546630859375
2021-02-22,3434.080810546875
2021-02-23,3498.155517578125
2021-02-24,3482.011962890625
2021-02-25,3483.49560546875
2021-02-26,3439.633056640625
2021-02-27,3439.633056640625
2021-02-28,3439.633056640625
2021-03-01,3473.651611328125
2021-03-02,3513.25341796875
2021-03-03,3524.340087890625
2021-03-04,3518.950439453125
2021-03-05,3496.416259765625
2021-03-06,3496.416259765625
2021-03-07,3496.416259765625
2021-03-08,3502.36572265625
2021-03-09,3487.465576171875
2021-03-10,3493.828369140625
2021-03-11,3495.078369140625
2021-03-12,350.60943603515625
2021-03-13,350.60943603515625
2021-03-14,350.60943603515625
2021-03-15,3502.429931640625
2021-03-16,3502.429931640625
2021-03-17,3490.2900390625
2021-03-18,3504.080078125
2021-03-19,3498.248291015625
2021-03-20,3498.248291015625
2021-03-21,3498.248291015625
2021-03-22,3459.912353515625
2021-03-23,3495.954833984375
2021-03-24,3486.259033203125
2021-03-25,3488.20556640625
2021-03-26,3468.508056640625
2021-03-27,3468.508056640625
2021-03-28,3468.508056640625
2021-03-29,3472.890869140625
2021-03-30,3477.94873046875
2021-03-31,3313.963134765625
2021-04-01,3501.870361328125
2021-04-02,3501.79833984375
2021-04-03,3501.79833984375
2021-04-04,3501.79833984375
2021-04-05,3510.4306640625
2021-04-06,3456.55078125
2021-04-07,3463.69775390625
2021-04-08,3461.60205078125
2021-04-09,3466.1591796875
2021-04-10,3466.1591796875
2021-04-11,3466.1591796875
2021-04-12,3475.530029296875
2021-04-13,3469.85205078125
2021-04-14,3545.657958984375
2021-04-15,3532.65380859375
2021-04-16,3541.894775390625
2021-04-17,3541.894775390625
2021-04-18,3541.894775390625
2021-04-19,3482.68212890625
2021-04-20,3525.395751953125
2021-04-21,3518.99658203125
2021-04-22,3525.822265625
2021-04-23,3518.10009765625
2021-04-24,3518.10009765625
2021-04-25,3518.10009765625
2021-04-26,3488.052734375
2021-04-27,3537.95849609375
2021-04-28,3532.73828125
2021-04-29,3533.451904296875
2021-04-30,3530.78369140625
2021-05-01,3530.78369140625
2021-05-02,3530.78369140625
2021-05-03,3480.5830078125
2021-05-04,3518.166748046875
2021-05-05,3497.768798828125
2021-05-06,3498.59521484375
2021-05-07,3474.96728515625
2021-05-08,3474.96728515625
2021-05-09,3474.96728515625
2021-05-10,3427.672607421875
2021-05-11,3450.415283203125
2021-05-12,3443.077880859375
2021-05-13,3425.287353515625
2021-05-14,3443.725830078125
2021-05-15,3443.725830078125
2021-05-16,3443.725830078125
2021-05-17,3448.1240234375
2021-05-18,3411.795166015625
2021-05-19,3460.446533203125
2021-05-20,3438.916748046875
2021-05-21,3473.23876953125
2021-05-22,3473.23876953125
2021-05-23,3473.23876953125
2021-05-24,3421.065185546875
2021-05-25,3461.29541015625
2021-05-26,3457.96044921875
2021-05-27,3444.97705078125
2021-05-28,2317.71044921875
2021-05-29,2317.71044921875
2021-05-30,2317.71044921875
2021-05-31,3438.889892578125
2021-06-01,3442.570068359375
2021-06-02,3442.570068359375
2021-06-03,3442.570068359375
2021-06-04,3442.39990234375
2021-06-05,3442.39990234375
2021-06-06,3442.39990234375
2021-06-07,3448.610107421875
2021-06-08,3449.010009765625
2021-06-09,3438.169921875
2021-06-10,3442.669921875
2021-06-11,3445.179931640625
2021-06-12,3445.179931640625
2021-06-13,3445.179931640625
2021-06-14,3439.030029296875
2021-06-15,3438.330078125
2021-06-16,3437.179931640625
2021-06-17,3441.669921875
2021-06-18,3445.639892578125
2021-06-19,3445.639892578125
2021-06-20,3445.639892578125
2021-06-21,3445.639892578125
2021-06-22,3453.909912109375
2021-06-23,3463.989990234375
2021-06-24,3451.739990234375
2021-06-25,3451.340087890625
2021-06-26,3451.340087890625
2021-06-27,3451.340087890625
2021-06-28,3454.909912109375
2021-06-29,3457.139892578125
2021-06-30,3473.97998046875
2021-07-01,3473.0400390625
2021-07-02,3483.219970703125
2021-07-03,3483.219970703125
2021-07-04,3483.219970703125
2021-07-05,3478.31005859375
2021-07-06,3479.27001953125
2021-07-07,3465.510009765625
2021-07-08,3464.659912109375
2021-07-09,3464.820068359375
2021-07-10,3464.820068359375
2021-07-11,3464.820068359375
2021-07-12,3460.5
2021-07-13,3453.070068359375
2021-07-14,3436.7099609375
2021-07-15,3438.35009765625
2021-07-16,3431.830078125
2021-07-17,3431.830078125
2021-07-18,3431.830078125
2021-07-19,3434.199951171875
2021-07-20,3434.199951171875
2021-07-21,3429.35009765625
2021-07-22,3420.43994140625
2021-07-23,3419.419921875
2021-07-24,3419.419921875
2021-07-25,3419.419921875
2021-07-26,3415.8701171875
2021-07-27,3413.010009765625
2021-07-28,3407.72998046875
2021-07-29,3405.75
2021-07-30,3404.64990234375
2021-07-31,3404.64990234375
2021-08-01,3404.64990234375
2021-08-02,3404.6201171875
2021-08-03,3405.840087890625
2021-08-04,3403.219970703125
2021-08-05,3383.89990234375
2021-08-06,3373.340087890625
2021-08-07,3373.340087890625
2021-08-08,3373.340087890625
2021-08-09,3381.590087890625
2021-08-10,3388.760009765625
2021-08-11,3388.760009765625
2021-08-12,3382.06005859375
2021-08-13,3385.72998046875
2021-08-14,3385.72998046875
2021-08-15,3385.72998046875
2021-08-16,3381.449951171875
2021-08-17,3381.449951171875
2021-08-18,3377.22998046875
2021-08-19,3376.85009765625
2021-08-20,3378.679931640625
2021-08-21,3378.679931640625
2021-08-22,3378.679931640625
2021-08-23,3380.93994140625
2021-08-24,3394.260009765625
2021-08-25,3390.760009765625
2021-08-26,3394.75
2021-08-27,3405.219970703125
2021-08-28,3405.219970703125
2021-08-29,3405.219970703125
2021-08-30,3419.320068359375
2021-08-31,3425.300048828125
2021-09-01,3436.360107421875
2021-09-02,3422.570068359375
2021-09-03,3421.419921875
2021-09-04,3421.419921875
2021-09-05,3421.419921875
2021-09-06,3414.1298828125
2021-09-07,3419.199951171875
2021-09-08,3414.75
2021-09-09,3397.64990234375
2021-09-10,3412.590087890625
2021-09-11,3412.590087890625
2021-09-12,3412.590087890625
2021-09-13,3421.840087890625
2021-09-14,3423.77001953125
2021-09-15,3417.320068359375
2021-09-16,3413.31005859375
2021-09-17,3408.010009765625
2021-09-18,3408.010009765625
2021-09-19,3408.010009765625
2021-09-20,3405.47998046875
2021-09-21,3392.8701171875
2021-09-22,3380.14990234375
2021-09-23,3384.139892578125
2021-09-24,3382.10009765625
2021-09-25,3382.10009765625
2021-09-26,3382.10009765625
2021-09-27,3391.0400390625
2021-09-28,3383.949951171875
2021-09-29,3385.85009765625
2021-09-30,3390.080078125
2021-10-01,3400.72998046875
2021-10-02,3400.72998046875
2021-10-03,3400.72998046875
2021-10-04,3401.6201171875
2021-10-05,3406.699951171875
2021-10-06,3401.489990234375
2021-10-07,3393.610107421875
2021-10-08,3386.0
2021-10-09,3386.0
2021-10-10,3386.0
2021-10-11,3385.139892578125
2021-10-12,3383.260009765625
2021-10-13,3390.639892578125
2021-10-14,3392.7099609375
2021-10-15,3400.18994140625
2021-10-16,3400.18994140625
2021-10-17,3400.18994140625
2021-10-18,3389.7099609375
2021-10-19,3367.840087890625
2021-10-20,3367.840087890625
2021-10-21,3360.610107421875
2021-10-22,3356.800048828125
2021-10-23,3356.800048828125
2021-10-24,3356.800048828125
2021-10-25,3384.43994140625
2021-10-26,3392.199951171875
2021-10-27,3398.8701171875
2021-10-28,3396.18994140625
2021-10-29,3396.64990234375
2021-10-30,3396.64990234375
2021-10-31,3396.64990234375
2021-11-01,3403.110107421875
2021-11-02,3402.550048828125
2021-11-03,3412.969970703125
2021-11-04,3419.199951171875
2021-11-05,3424.669921875
2021-11-06,3424.669921875
2021-11-07,3424.669921875
2021-11-08,3430.89990234375
2021-11-09,3438.010009765625
2021-11-10,3414.7099609375
2021-11-11,3409.2099609375
2021-11-12,3413.590087890625
2021-11-13,3413.590087890625
2021-11-14,3413.590087890625
2021-11-15,3409.25
2021-11-16,3402.590087890625
2021-11-17,3394.570068359375
2021-11-18,3392.909912109375
2021-11-19,3396.6298828125
2021-11-20,3396.6298828125
2021-11-21,3396.6298828125
2021-11-22,3386.7099609375
2021-11-23,3389.360107421875
2021-11-24,3389.179931640625
2021-11-25,3384.330078125
2021-11-26,3369.070068359375
2021-11-27,3369.070068359375
2021-11-28,3369.070068359375
2021-11-29,3360.60009765625
2021-11-30,3347.139892578125
2021-12-01,3364.77001953125
2021-12-02,3382.010009765625
2021-12-03,3386.590087890625
2021-12-04,3386.590087890625
2021-12-05,3386.590087890625
2021-12-06,3382.06005859375
2021-12-07,3386.7099609375
2021-12-08,3393.669921875
2021-12-09,3387.510009765625
2021-12-10,3375.800048828125
2021-12-11,3375.800048828125
2021-12-12,3375.800048828125
2021-12-13,3385.31005859375
2021-12-14,3392.489990234375
2021-12-15,3379.330078125
2021-12-16,3370.219970703125
2021-12-17,3370.219970703125
2021-12-18,3370.219970703125
2021-12-19,3370.219970703125
2021-12-20,3371.6201171875
2021-12-21,3385.830078125
2021-12-22,3385.070068359375
2021-12-23,3391.27001953125
2021-12-24,3366.389892578125
2021-12-25,3366.389892578125
2021-12-26,3366.389892578125
2021-12-27,3372.1201171875
2021-12-28,3371.760009765625
2021-12-29,3382.050048828125
2021-12-30,3385.7099609375
2021-12-31,3393.179931640625
2022-01-01,3393.179931640625
2022-01-02,3393.179931640625
2022-01-03,3397.3798828125
2022-01-04,3409.31005859375
2022-01-05,3401.68994140625
2022-01-06,3399.820068359375
2022-01-07,3407.18994140625
2022-01-08,3407.18994140625
2022-01-09,3407.18994140625
2022-01-10,3398.340087890625
2022-01-11,3393.070068359375
2022-01-12,3389.9599609375
2022-01-13,3391.5400390625
2022-01-14,3398.72998046875
2022-01-15,3398.72998046875
2022-01-16,3398.72998046875
2022-01-17,3409.419921875
2022-01-18,3408.77001953125
2022-01-19,3405.35009765625
2022-01-20,3405.830078125
2022-01-21,3405.830078125
2022-01-22,3405.830078125
2022-01-23,3405.830078125
2022-01-24,3405.93994140625
2022-01-25,3408.610107421875
2022-01-26,3400.610107421875
2022-01-27,3408.780029296875
2022-01-28,3402.68994140625
2022-01-29,3402.68994140625
2022-01-30,3402.68994140625
2022-01-31,3407.06005859375
2022-02-01,3408.550048828125
2022-02-02,3408.550048828125
2022-02-03,3420.1201171875
2022-02-04,3409.429931640625
2022-02-05,3409.429931640625
2022-02-06,3409.429931640625
2022-02-07,3419.139892578125
2022-02-08,3422.0400390625
2022-02-09,3424.199951171875
2022-02-10,3416.010009765625
2022-02-11,3413.1298828125
2022-02-12,3413.1298828125
2022-02-13,3413.1298828125
2022-02-14,3409.530029296875
2022-02-15,3409.429931640625
2022-02-16,3400.7900390625
2022-02-17,3395.5400390625
2022-02-18,3393.030029296875
2022-02-19,3393.030029296875
2022-02-20,3393.030029296875
2022-02-21,3396.06005859375
2022-02-22,3407.1201171875
2022-02-23,3410.85009765625
2022-02-24,3411.360107421875
2022-02-25,3412.9599609375
2022-02-26,3412.9599609375
2022-02-27,3412.9599609375
2022-02-28,3412.9599609375
2022-03-01,3400.510009765625
2022-03-02,3403.280029296875
2022-03-03,3403.639892578125
2022-03-04,3403.639892578125
2022-03-05,3403.639892578125
2022-03-06,3403.639892578125
2022-03-07,3408.280029296875
2022-03-08,3424.530029296875
2022-03-09,3430.3701171875
2022-03-10,3422.639892578125
2022-03-11,3412.679931640625
2022-03-12,3412.679931640625
2022-03-13,3412.679931640625
2022-03-14,3395.35009765625
2022-03-15,3391.580078125
2022-03-16,3386.31005859375
2022-03-17,3383.050048828125
2022-03-18,3390.75
2022-03-19,3390.75
2022-03-20,3390.75
2022-03-21,3389.39990234375
2022-03-22,3396.81005859375
2022-03-23,3391.800048828125
2022-03-24,3386.9599609375
2022-03-25,3379.699951171875
2022-03-26,3379.699951171875
2022-03-27,3379.699951171875
2022-03-28,3377.260009765625
2022-03-29,3386.969970703125
2022-03-30,3386.6298828125
2022-03-31,3387.580078125
2022-04-01,3394.5
2022-04-02,3394.5
2022-04-03,3394.5
2022-04-04,3394.780029296875
2022-04-05,3392.39990234375
2022-04-06,3385.5
2022-04-07,3388.6201171875
2022-04-08,3389.179931640625
2022-04-09,3389.179931640625
2022-04-10,3389.179931640625
2022-04-11,3385.590087890625
2022-04-12,3384.60009765625
2022-04-13,3380.179931640625
2022-04-14,3375.179931640625
2022-04-15,3375.179931640625
2022-04-16,3375.179931640625
2022-04-17,3375.179931640625
2022-04-18,3375.989990234375
2022-04-19,3373.639892578125
2022-04-20,3355.469970703125
2022-04-21,3354.14990234375
2022-04-22,3328.5
2022-04-23,3328.5
2022-04-24,3328.5
2022-04-25,3325.469970703125
2022-04-26,3303.860107421875
2022-04-27,3299.6201171875
2022-04-28,3291.239990234375
2022-04-29,3291.239990234375
2022-04-30,3291.239990234375
2022-05-01,3291.239990234375
2022-05-02,3291.239990234375
2022-05-03,3291.239990234375
2022-05-04,3291.239990234375
2022-05-05,3291.239990234375
2022-05-06,3291.239990234375
2022-05-07,3291.239990234375
2022-05-08,3291.239990234375
2022-05-09,3288.840087890625
2022-05-10,3297.68994140625
2022-05-11,3297.68994140625
2022-05-12,3297.159912109375
2022-05-13,3305.909912109375
2022-05-14,3305.909912109375
2022-05-15,3305.909912109375
2022-05-16,3303.080078125
2022-05-17,3340.154541015625
2022-05-18,3341.619140625
2022-05-19,3356.84228515625
2022-05-20,3322.58935546875
2022-05-21,3322.58935546875
2022-05-22,3322.58935546875
2022-05-23,3336.7509765625
2022-05-24,3332.498046875
2022-05-25,3332.9541015625
2022-05-26,3321.274169921875
2022-05-27,3317.644287109375
2022-05-28,3317.644287109375
2022-05-29,3317.644287109375
2022-05-30,3327.24365234375
2022-05-31,3330.050537109375
2022-06-01,3321.000244140625
2022-06-02,3314.396484375
2022-06-03,3314.56005859375
2022-06-04,3314.56005859375
2022-06-05,3314.56005859375
2022-06-06,3288.590087890625
2022-06-07,3287.4873046875
2022-06-08,3291.320556640625
2022-06-09,3300.18212890625
2022-06-10,3328.212158203125
2022-06-11,3328.212158203125
2022-06-12,3328.212158203125
2022-06-13,3304.406982421875
2022-06-14,3348.42138671875
2022-06-15,3336.57421875
2022-06-16,3326.385009765625
2022-06-17,3361.27197265625
2022-06-18,3361.27197265625
2022-06-19,3361.27197265625
2022-06-20,3365.742919921875
2022-06-21,3369.533203125
2022-06-22,3373.124267578125
2022-06-23,3369.580078125
2022-06-24,3373.092041015625
2022-06-25,3373.092041015625
2022-06-26,3373.092041015625
2022-06-27,3371.422119140625
2022-06-28,3358.53759765625
2022-06-29,3378.894775390625
2022-06-30,3381.2900390625
2022-07-01,3391.0380859375
2022-07-02,3391.0380859375
2022-07-03,3391.0380859375
2022-07-04,3388.01904296875
2022-07-05,3400.861083984375
2022-07-06,3402.421142578125
2022-07-07,3392.4736328125
2022-07-08,3382.904296875
2022-07-09,3382.904296875
2022-07-10,3382.904296875
2022-07-11,3381.5224609375
2022-07-12,3390.557861328125
2022-07-13,3382.91650390625
2022-07-14,3393.734619140625
2022-07-15,3400.5400390625
2022-07-16,3400.5400390625
2022-07-17,3400.5400390625
2022-07-18,3368.3974609375
2022-07-19,3373.6806640625
2022-07-20,3372.80908203125
2022-07-21,3374.2138671875
2022-07-22,3380.300537109375
2022-07-23,3380.300537109375
2022-07-24,3380.300537109375
2022-07-25,3371.742919921875
2022-07-26,3363.197509765625
2022-07-27,3368.267578125
2022-07-28,3347.7626953125
2022-07-29,3335.204833984375
2022-07-30,3335.204833984375
2022-07-31,3335.204833984375
2022-08-01,3331.31103515625
2022-08-02,3332.509765625
2022-08-03,3348.67529296875
2022-08-04,3343.055908203125
2022-08-05,3342.754638671875
2022-08-06,3342.754638671875
2022-08-07,3342.754638671875
2022-08-08,3340.664306640625
2022-08-09,3325.74560546875
2022-08-10,3335.30859375
2022-08-11,3311.64453125
2022-08-12,3312.260986328125
2022-08-13,3312.260986328125
2022-08-14,3312.260986328125
2022-08-15,3298.683837890625
2022-08-16,3316.291015625
2022-08-17,3304.970947265625
2022-08-18,3307.9677734375
2022-08-19,3320.1474609375
2022-08-20,3320.1474609375
2022-08-21,3320.1474609375
2022-08-22,3313.079345703125
2022-08-23,3329.654296875
2022-08-24,3305.28857421875
2022-08-25,3309.552978515625
2022-08-26,3303.443603515625
2022-08-27,3303.443603515625
2022-08-28,3303.443603515625
2022-08-29,3315.277099609375
2022-08-30,3321.0703125
2022-08-31,3318.06494140625
2022-09-01,3318.8115234375
2022-09-02,3327.60546875
2022-09-03,3327.60546875
2022-09-04,3327.60546875
2022-09-05,3328.117919921875
2022-09-06,3313.447509765625
2022-09-07,3312.0
2022-09-08,3304.8984375
2022-09-09,3313.6884765625
2022-09-10,3313.6884765625
2022-09-11,3313.6884765625
2022-09-12,3295.464599609375
2022-09-13,3300.76611328125
2022-09-14,3325.19140625
2022-09-15,3294.67626953125
2022-09-16,3295.7001953125
2022-09-17,3295.7001953125
2022-09-18,3295.7001953125
2022-09-19,3295.336669921875
2022-09-20,3298.24169921875
2022-09-21,3299.473388671875
2022-09-22,3299.473388671875
2022-09-23,3294.00830078125
2022-09-24,3294.00830078125
2022-09-25,3294.00830078125
2022-09-26,3282.952880859375
2022-09-27,3320.73828125
2022-09-28,3296.681884765625
2022-09-29,3283.2919921875
2022-09-30,3279.042236328125
2022-10-01,3279.042236328125
2022-10-02,3279.042236328125
2022-10-03,3282.51025390625
2022-10-04,3289.5869140625
2022-10-05,3271.5517578125
2022-10-06,3286.902099609375
2022-10-07,3286.25341796875
2022-10-08,3286.25341796875
2022-10-09,3286.25341796875
2022-10-10,3287.547119140625
2022-10-11,3299.56982421875
2022-10-12,3288.8935546875
2022-10-13,3276.34814453125
2022-10-14,3280.61376953125
2022-10-15,3280.61376953125
2022-10-16,3280.61376953125
2022-10-17,3279.45556640625
2022-10-18,3279.626953125
2022-10-19,3284.57861328125
2022-10-20,3309.322021484375
2022-10-21,3297.10302734375
2022-10-22,3297.10302734375
2022-10-23,3297.10302734375
2022-10-24,3298.01611328125
2022-10-25,3295.4833984375
2022-10-26,3283.84375
2022-10-27,3291.609130859375
2022-10-28,3302.651123046875
2022-10-29,3302.651123046875
2022-10-30,3302.651123046875
2022-10-31,3292.578125
2022-11-01,3313.7109375
2022-11-02,3312.572509765625
2022-11-03,3312.790283203125
2022-11-04,3325.956298828125
2022-11-05,3325.956298828125
2022-11-06,3325.956298828125
2022-11-07,3313.1845703125
2022-11-08,3301.39013671875
2022-11-09,3303.07177734375
2022-11-10,3343.13720703125
2022-11-11,3297.521484375
2022-11-12,3297.521484375
2022-11-13,3297.521484375
2022-11-14,3336.666259765625
2022-11-15,3379.711669921875
2022-11-16,3407.885986328125
2022-11-17,3444.4443359375
2022-11-18,3452.06201171875
2022-11-19,3452.06201171875
2022-11-20,3452.06201171875
2022-11-21,3443.53564453125
2022-11-22,3439.956298828125
2022-11-23,3429.102783203125
2022-11-24,3414.580810546875
2022-11-25,3471.63525390625
2022-11-26,3471.63525390625
2022-11-27,3471.63525390625
2022-11-28,3424.636474609375
2022-11-29,3514.732177734375
2022-11-30,3487.956787109375
2022-12-01,3491.558349609375
2022-12-02,3485.925048828125
2022-12-03,3485.925048828125
2022-12-04,3485.925048828125
2022-12-05,3514.357421875
2022-12-06,3550.011474609375
2022-12-07,3554.72119140625
2022-12-08,3546.560546875
2022-12-09,3544.79296875
2022-12-10,3544.79296875
2022-12-11,3544.79296875
2022-12-12,3537.186279296875
2022-12-13,3548.788818359375
2022-12-14,3509.821533203125
2022-12-15,3525.21923828125
2022-12-16,3537.294921875
2022-12-17,3537.294921875
2022-12-18,3537.294921875
2022-12-19,3523.7880859375
2022-12-20,3515.98681640625
2022-12-21,3508.740234375
2022-12-22,3495.88720703125
2022-12-23,3517.062255859375
2022-12-24,3517.062255859375
2022-12-25,3517.062255859375
2022-12-26,3522.259765625
2022-12-27,3527.005615234375
2022-12-28,3530.4091796875
2022-12-29,3570.152587890625
2022-12-30,3531.140380859375
2022-12-31,3531.140380859375
2023-01-01,3531.140380859375
2023-01-02,3532.57666015625
2023-01-03,3530.079345703125
2023-01-04,3532.455810546875
2023-01-05,3531.5478515625
2023-01-06,3559.708251953125
2023-01-07,3559.708251953125
2023-01-08,3559.708251953125
2023-01-09,3548.541015625
2023-01-10,3560.73583984375
2023-01-11,3547.627197265625
2023-01-12,3526.424072265625
2023-01-13,3480.61474609375
2023-01-14,3480.61474609375
2023-01-15,3480.61474609375
2023-01-16,3536.562744140625
2023-01-17,3494.439208984375
2023-01-18,3504.44921875
2023-01-19,3499.710205078125
2023-01-20,3514.216064453125
2023-01-21,3514.216064453125
2023-01-22,3514.216064453125
2023-01-23,3516.04248046875
2023-01-24,3502.625732421875
2023-01-25,3490.605712890625
2023-01-26,3483.953857421875
2023-01-27,3519.60888671875
2023-01-28,3519.60888671875
2023-01-29,3519.60888671875
2023-01-30,3529.2177734375
2023-01-31,3533.223388671875
2023-02-01,3514.1591796875
2023-02-02,3482.184814453125
2023-02-03,3504.710205078125
2023-02-04,3504.710205078125
2023-02-05,3504.710205078125
2023-02-06,3543.447509765625
2023-02-07,3563.89208984375
2023-02-08,3520.102294921875
2023-02-09,3515.581298828125
2023-02-10,3509.09716796875
2023-02-11,3509.09716796875
2023-02-12,3509.09716796875
2023-02-13,3503.9814453125
2023-02-14,3486.76220703125
2023-02-15,3490.62890625
2023-02-16,3462.720458984375
2023-02-17,3438.238037109375
2023-02-18,3438.238037109375
2023-02-19,3438.238037109375
2023-02-20,3420.35205078125
2023-02-21,3422.300048828125
2023-02-22,3436.6611328125
2023-02-23,3420.466064453125
2023-02-24,3430.311279296875
2023-02-25,3430.311279296875
2023-02-26,3430.311279296875
2023-02-27,3439.972900390625
2023-02-28,3250.828369140625
2023-03-01,3396.100341796875
2023-03-02,3331.0751953125
2023-03-03,3423.528076171875
2023-03-04,3423.528076171875
2023-03-05,3423.528076171875
2023-03-06,3411.75146484375
2023-03-07,3429.84814453125
2023-03-08,3447.2978515625
2023-03-09,3414.741943359375
2023-03-10,3426.011962890625
2023-03-11,3426.011962890625
2023-03-12,3426.011962890625
2023-03-13,3428.69775390625
2023-03-14,3426.658935546875
2023-03-15,3425.89697265625
2023-03-16,3452.205810546875
2023-03-17,3424.0673828125
2023-03-18,3424.0673828125
2023-03-19,3424.0673828125
2023-03-20,3426.15087890625
2023-03-21,3419.52734375
2023-03-22,3420.23486328125
2023-03-23,3423.344482421875
2023-03-24,3405.83984375
2023-03-25,3405.83984375
2023-03-26,3405.83984375
2023-03-27,3420.95751953125
2023-03-28,3417.599853515625
2023-03-29,3415.192626953125
2023-03-30,3406.469970703125
2023-03-31,3396.26904296875
2023-04-01,3396.26904296875
2023-04-02,3396.26904296875
2023-04-03,3396.7138671875
2023-04-04,3374.816162109375
2023-04-05,3394.916015625
2023-04-06,3400.25
2023-04-07,3394.40771484375
2023-04-08,3394.40771484375
2023-04-09,3394.40771484375
2023-04-10,3385.4189453125
2023-04-11,3388.46728515625
2023-04-12,3375.127197265625
2023-04-13,3359.433349609375
2023-04-14,3345.074462890625
2023-04-15,3345.074462890625
2023-04-16,3345.074462890625
2023-04-17,3337.801025390625
2023-04-18,3360.470458984375
2023-04-19,3357.762939453125
2023-04-20,3383.5400390625
2023-04-21,3367.733154296875
2023-04-22,3367.733154296875
2023-04-23,3367.733154296875
2023-04-24,3343.39794921875
2023-04-25,3367.65966796875
2023-04-26,3358.821533203125
2023-04-27,3329.930419921875
2023-04-28,3290.16357421875
2023-04-29,3290.16357421875
2023-04-30,3290.16357421875
2023-05-01,3287.299560546875
2023-05-02,3223.796875
2023-05-03,3304.771484375
2023-05-04,3296.76611328125
2023-05-05,3300.774658203125
2023-05-06,3300.774658203125
2023-05-07,3300.774658203125
2023-05-08,3305.837158203125
2023-05-09,3324.318115234375
2023-05-10,3318.7998046875
2023-05-11,3301.71923828125
2023-05-12,3308.062744140625
2023-05-13,3308.062744140625
2023-05-14,3308.062744140625
2023-05-15,3303.75341796875
2023-05-16,3289.605224609375
2023-05-17,3309.800537109375
2023-05-18,3283.977783203125
2023-05-19,3287.997314453125
2023-05-20,3287.997314453125
2023-05-21,3287.997314453125
2023-05-22,3286.989013671875
2023-05-23,3273.087158203125
2023-05-24,3259.2998046875
2023-05-25,3254.927490234375
2023-05-26,3236.406982421875
2023-05-27,3236.406982421875
2023-05-28,3236.406982421875
2023-05-29,3248.85888671875
2023-05-30,3248.642822265625
2023-05-31,3255.242919921875
2023-06-01,3246.4521484375
2023-06-02,3231.16943359375
2023-06-03,3231.16943359375
2023-06-04,3231.16943359375
2023-06-05,3273.18408203125
2023-06-06,3244.019775390625
2023-06-07,3227.78076171875
2023-06-08,3231.470458984375
2023-06-09,3212.29833984375
2023-06-10,3212.29833984375
2023-06-11,3212.29833984375
2023-06-12,3214.781005859375
2023-06-13,3218.939453125
2023-06-14,3220.489501953125
2023-06-15,3226.0087890625
2023-06-16,3220.276611328125
2023-06-17,3220.276611328125
2023-06-18,3220.276611328125
2023-06-19,3235.02001953125
2023-06-20,3243.219970703125
2023-06-21,3235.858154296875
2023-06-22,3214.677734375
2023-06-23,3211.482666015625
2023-06-24,3211.482666015625
2023-06-25,3211.482666015625
2023-06-26,3204.7470703125
2023-06-27,3217.930908203125
2023-06-28,3210.994384765625
2023-06-29,3206.892822265625
2023-06-30,3224.66015625
2023-07-01,3224.66015625
2023-07-02,3224.66015625
2023-07-03,3210.71240234375
2023-07-04,3226.05517578125
2023-07-05,3226.5693359375
2023-07-06,3240.275146484375
2023-07-07,3257.185791015625
2023-07-08,3257.185791015625
2023-07-09,3257.185791015625
2023-07-10,3239.400390625
2023-07-11,3257.895263671875
2023-07-12,3253.9287109375
2023-07-13,3210.169921875
2023-07-14,3258.306884765625
2023-07-15,3258.306884765625
2023-07-16,3258.306884765625
2023-07-17,3303.3583984375
2023-07-18,3282.396728515625
2023-07-19,3299.064453125
2023-07-20,3300.38525390625
2023-07-21,3313.119140625
2023-07-22,3313.119140625
2023-07-23,3313.119140625
2023-07-24,3292.698974609375
2023-07-25,3284.46484375
2023-07-26,3286.7607421875
2023-07-27,5883.9443359375
2023-07-28,3338.124755859375
2023-07-29,3338.124755859375
2023-07-30,3338.124755859375
2023-07-31,3313.4951171875
2023-08-01,3333.848388671875
2023-08-02,3346.085693359375
2023-08-03,3342.11669921875
2023-08-04,3336.48779296875
2023-08-05,3336.48779296875
2023-08-06,3336.48779296875
2023-08-07,3328.869384765625
2023-08-08,3341.08349609375
2023-08-09,3318.537841796875
2023-08-10,3326.84326171875
2023-08-11,3337.489013671875
2023-08-12,3337.489013671875
2023-08-13,3337.489013671875
2023-08-14,3339.219482421875
2023-08-15,3322.220947265625
2023-08-16,3303.095703125
2023-08-17,3316.016845703125
2023-08-18,3302.310546875
2023-08-19,3302.310546875
2023-08-20,3302.310546875
2023-08-21,3283.825927734375
2023-08-22,3295.256591796875
2023-08-23,3294.68701171875
2023-08-24,3290.447509765625
2023-08-25,3280.73193359375
2023-08-26,3280.73193359375
2023-08-27,3280.73193359375
2023-08-28,3294.82763671875
2023-08-29,3277.580810546875
2023-08-30,3271.230224609375
2023-08-31,3279.310302734375
2023-09-01,3282.543212890625
2023-09-02,3282.543212890625
2023-09-03,3282.543212890625
2023-09-04,3277.67626953125
2023-09-05,3271.1064453125
2023-09-06,3293.433837890625
2023-09-07,3281.129638671875
2023-09-08,3279.256103515625
2023-09-09,3279.256103515625
2023-09-10,3279.256103515625
2023-09-11,3275.526611328125
2023-09-12,3281.44189453125
2023-09-13,3282.06103515625
2023-09-14,3282.659912109375
2023-09-15,3288.124755859375
2023-09-16,3288.124755859375
2023-09-17,3288.124755859375
2023-09-18,3276.259521484375
2023-09-19,3279.377197265625
2023-09-20,3275.7373046875
2023-09-21,3275.92822265625
2023-09-22,3282.638916015625
2023-09-23,3282.638916015625
2023-09-24,3282.638916015625
2023-09-25,3275.71142578125
2023-09-26,3287.802734375
2023-09-27,3303.41162109375
2023-09-28,3305.4375
2023-09-29,3286.39697265625
2023-09-30,3286.39697265625
2023-10-01,3286.39697265625
2023-10-02,3290.133544921875
2023-10-03,3289.37890625
2023-10-04,3307.293212890625
2023-10-05,3295.1494140625
2023-10-06,3306.398681640625
2023-10-07,3306.398681640625
2023-10-08,3306.398681640625
2023-10-09,3300.475830078125
2023-10-10,3316.0185546875
2023-10-11,3325.61083984375
2023-10-12,3325.844970703125
2023-10-13,3339.8408203125
2023-10-14,3339.8408203125
2023-10-15,3339.8408203125
2023-10-16,3315.21630859375
2023-10-17,3309.755126953125
2023-10-18,3320.98828125
2023-10-19,3331.647216796875
2023-10-20,3327.59716796875
2023-10-21,3327.59716796875
2023-10-22,3327.59716796875
2023-10-23,3328.369140625
2023-10-24,3329.627685546875
2023-10-25,3315.849853515625
2023-10-26,3322.907958984375
2023-10-27,3326.16015625
2023-10-28,3326.16015625
2023-10-29,3326.16015625
2023-10-30,3328.240966796875
2023-10-31,3326.6142578125
2023-11-01,3307.506591796875
2023-11-02,3332.285400390625
2023-11-03,3333.26318359375
2023-11-04,3333.26318359375
2023-11-05,3333.26318359375
2023-11-06,3294.64013671875
2023-11-07,3358.136474609375
2023-11-08,3374.010498046875
2023-11-09,3334.044921875
2023-11-10,3348.68408203125
2023-11-11,3348.68408203125
2023-11-12,3348.68408203125
2023-11-13,3342.1416015625
2023-11-14,3327.739990234375
2023-11-15,3273.728759765625
2023-11-16,3314.6708984375
2023-11-17,3311.931396484375
2023-11-18,3311.931396484375
2023-11-19,3311.931396484375
2023-11-20,3300.160400390625
2023-11-21,3262.98876953125
2023-11-22,3331.463623046875
2023-11-23,3337.49462890625
2023-11-24,3311.60498046875
2023-11-25,3311.60498046875
2023-11-26,3311.60498046875
2023-11-27,3320.530029296875
2023-11-28,3301.633056640625
2023-11-29,3265.354248046875
2023-11-30,3297.025390625
2023-12-01,3337.11767578125
2023-12-02,3337.11767578125
2023-12-03,3337.11767578125
2023-12-04,3312.647216796875
2023-12-05,3306.01318359375
2023-12-06,3313.7529296875
2023-12-07,3315.485107421875
2023-12-08,3316.21728515625
2023-12-09,3316.21728515625
2023-12-10,3316.21728515625
2023-12-11,3336.9775390625
2023-12-12,3341.591064453125
2023-12-13,3323.513671875
2023-12-14,3250.85107421875
2023-12-15,3310.433349609375
2023-12-16,3310.433349609375
2023-12-17,3310.433349609375
2023-12-18,3270.77587890625
2023-12-19,3280.783935546875
2023-12-20,3299.17822265625
2023-12-21,3331.47265625
2023-12-22,3316.50732421875
2023-12-23,3316.50732421875
2023-12-24,3316.50732421875
2023-12-25,3322.092041015625
2023-12-26,3337.651123046875
2023-12-27,3320.038818359375
2023-12-28,3321.019775390625
2023-12-29,3347.802490234375
2023-12-30,3347.802490234375
2023-12-31,3347.802490234375
2024-01-01,3347.769287109375
2024-01-02,3347.769287109375
2024-01-03,3366.56884765625
2024-01-04,3374.93212890625
2024-01-05,3345.71142578125
2024-01-06,3345.71142578125
2024-01-07,3345.71142578125
2024-01-08,3329.251220703125
2024-01-09,3331.291015625
2024-01-10,3345.42919921875
2024-01-11,3349.84375
2024-01-12,3348.3642578125
2024-01-13,3348.3642578125
2024-01-14,3348.3642578125
2024-01-15,3336.173828125
2024-01-16,3329.264404296875
2024-01-17,3362.38427734375
2024-01-18,3311.923583984375
2024-01-19,3309.803955078125
2024-01-20,3309.803955078125
2024-01-21,3309.803955078125
2024-01-22,3311.625
2024-01-23,3312.28173828125
2024-01-24,3324.870361328125
2024-01-25,3323.007080078125
2024-01-26,3341.012451171875
2024-01-27,3341.012451171875
2024-01-28,3341.012451171875
2024-01-29,3335.16650390625
2024-01-30,3343.11962890625
2024-01-31,3338.62109375
2024-02-01,3334.17919921875
2024-02-02,3326.07177734375
2024-02-03,3326.07177734375
2024-02-04,3326.07177734375
2024-02-05,3333.82080078125
2024-02-06,3307.475341796875
2024-02-07,3301.4375
2024-02-08,3286.1494140625
2024-02-09,3283.081787109375
2024-02-10,3283.081787109375
2024-02-11,3283.081787109375
2024-02-12,3274.71142578125
2024-02-13,3269.2548828125
2024-02-14,3286.0888671875
2024-02-15,3252.74267578125
2024-02-16,3278.318115234375
2024-02-17,3278.318115234375
2024-02-18,3278.318115234375
2024-02-19,3273.849365234375
2024-02-20,3265.928466796875
2024-02-21,3263.524169921875
2024-02-22,3262.14794921875
2024-02-23,3262.79443359375
2024-02-24,3262.79443359375
2024-02-25,3262.79443359375
2024-02-26,3262.5849609375
2024-02-27,3272.974609375
2024-02-28,3287.064208984375
2024-02-29,3294.653076171875
2024-03-01,3309.240234375
2024-03-02,3309.240234375
2024-03-03,3309.240234375
2024-03-04,3307.133056640625
2024-03-05,3337.779296875
2024-03-06,3326.6103515625
2024-03-07,3311.073486328125
2024-03-08,3301.14111328125
2024-03-09,3301.14111328125
2024-03-10,3301.14111328125
2024-03-11,3312.85986328125
2024-03-12,3313.333984375
2024-03-13,3323.499267578125
2024-03-14,3322.098876953125
2024-03-15,3334.04443359375
2024-03-16,3334.04443359375
2024-03-17,3334.04443359375
2024-03-18,3324.4765625
2024-03-19,3336.441650390625
2024-03-20,3320.93798828125
2024-03-21,3308.795654296875
2024-03-22,3334.924072265625
2024-03-23,3334.924072265625
2024-03-24,3334.924072265625
2024-03-25,3336.56982421875
2024-03-26,3340.882568359375
2024-03-27,3352.324462890625
2024-03-28,3354.531982421875
2024-03-29,3354.531982421875
2024-03-30,3354.531982421875
2024-03-31,3354.531982421875
2024-04-01,3354.428955078125
2024-04-02,3371.5615234375
2024-04-03,3355.768310546875
2024-04-04,3351.419677734375
2024-04-05,3355.733642578125
2024-04-06,3355.733642578125
2024-04-07,3355.733642578125
2024-04-08,3345.12890625
2024-04-09,3349.39501953125
2024-04-10,3347.15673828125
2024-04-11,3369.4609375
2024-04-12,3371.314208984375
2024-04-13,3371.314208984375
2024-04-14,3371.314208984375
2024-04-15,3377.568115234375
2024-04-16,3363.67431640625
2024-04-17,3414.7373046875
2024-04-18,3389.5263671875
2024-04-19,3389.759765625
2024-04-20,3389.759765625
2024-04-21,3389.759765625
2024-04-22,3388.440673828125
2024-04-23,3400.16748046875
2024-04-24,3376.61083984375
2024-04-25,3394.37060546875
2024-04-26,3391.3134765625
2024-04-27,3391.3134765625
2024-04-28,3391.3134765625
2024-04-29,3398.63671875
2024-04-30,3409.086181640625
2024-05-01,3413.3193359375
2024-05-02,3392.435791015625
2024-05-03,3385.634765625
2024-05-04,3385.634765625
2024-05-05,3385.634765625
2024-05-06,3391.772216796875
2024-05-07,3383.057373046875
2024-05-08,3392.359619140625
2024-05-09,3389.3515625
2024-05-10,3387.216064453125
2024-05-11,3387.216064453125
2024-05-12,3387.216064453125
2024-05-13,3384.25830078125
2024-05-14,3406.8046875
2024-05-15,3411.802001953125
2024-05-16,3380.922119140625
2024-05-17,3400.021240234375
2024-05-18,3400.021240234375
2024-05-19,3400.021240234375
2024-05-20,3404.373291015625
2024-05-21,3422.502197265625
2024-05-22,3410.761962890625
2024-05-23,3418.007568359375
2024-05-24,3421.1923828125
2024-05-25,3421.1923828125
2024-05-26,3421.1923828125
2024-05-27,3404.011474609375
2024-05-28,3421.545654296875
2024-05-29,3433.678466796875
2024-05-30,3449.6015625
2024-05-31,3449.829833984375
2024-06-01,3449.829833984375
2024-06-02,3449.829833984375
2024-06-03,3450.451416015625
2024-06-04,3442.320068359375
2024-06-05,3461.505859375
2024-06-06,3472.75439453125
2024-06-07,3459.580322265625
2024-06-08,3459.580322265625
2024-06-09,3459.580322265625
2024-06-10,3468.34375
2024-06-11,3455.2001953125
2024-06-12,3454.89990234375
2024-06-13,3440.381591796875
2024-06-14,3459.585693359375
2024-06-15,3459.585693359375
2024-06-16,3459.585693359375
2024-06-17,3491.683349609375
2024-06-18,3491.3134765625
2024-06-19,3474.175537109375
2024-06-20,3482.41796875
2024-06-21,3501.09326171875
2024-06-22,3501.09326171875
2024-06-23,3501.09326171875
2024-06-24,3488.860595703125
2024-06-25,3479.5712890625
2024-06-26,3486.236572265625
2024-06-27,3487.321044921875
2024-06-28,3469.52001953125
2024-06-29,3469.52001953125
2024-06-30,3469.52001953125
2024-07-01,3464.3349609375
2024-07-02,3477.614990234375
2024-07-03,3473.4052734375
2024-07-04,3461.497802734375
2024-07-05,3467.140869140625
2024-07-06,3467.140869140625
2024-07-07,3467.140869140625
2024-07-08,3448.678466796875
2024-07-09,3455.51416015625
2024-07-10,3457.673828125
2024-07-11,3446.016357421875
2024-07-12,3432.22509765625
2024-07-13,3432.22509765625
2024-07-14,3432.22509765625
2024-07-15,3449.619873046875
2024-07-16,3466.7666015625
2024-07-17,3458.725341796875
2024-07-18,3460.490966796875
2024-07-19,3467.594970703125
2024-07-20,3467.594970703125
2024-07-21,3467.594970703125
2024-07-22,3457.280029296875
2024-07-23,3460.45703125
2024-07-24,3466.609619140625
2024-07-25,3476.939453125
2024-07-26,3503.7099609375
2024-07-27,3503.7099609375
2024-07-28,3503.7099609375
2024-07-29,3496.08154296875
2024-07-30,3514.0546875
2024-07-31,3532.39599609375
2024-08-01,3537.92578125
2024-08-02,3563.36181640625
2024-08-03,3563.36181640625
2024-08-04,3563.36181640625
2024-08-05,3560.2001953125
2024-08-06,3662.824951171875
2024-08-07,3610.25927734375
2024-08-08,3563.438232421875
2024-08-09,3571.125244140625
2024-08-10,3571.125244140625
2024-08-11,3571.125244140625
2024-08-12,3603.803466796875
2024-08-13,3579.241455078125
2024-08-14,3534.335693359375
2024-08-15,3534.223388671875
2024-08-16,3551.3828125
2024-08-17,3551.3828125
2024-08-18,3551.3828125
2024-08-19,3538.982177734375
2024-08-20,3544.06396484375
2024-08-21,3527.584228515625
2024-08-22,3542.03369140625
2024-08-23,3583.6181640625
2024-08-24,3583.6181640625
2024-08-25,3583.6181640625
2024-08-26,3515.112060546875
2024-08-27,3553.395263671875
2024-08-28,3561.796142578125
2024-08-29,3553.509765625
2024-08-30,3582.233642578125
2024-08-31,3582.233642578125
2024-09-01,3582.233642578125
2024-09-02,3593.333984375
2024-09-03,3563.742919921875
2024-09-04,3560.550048828125
2024-09-05,3556.56884765625
2024-09-06,3558.45361328125
2024-09-07,3558.45361328125
2024-09-08,3558.45361328125
2024-09-09,3557.325927734375
2024-09-10,3540.265625
2024-09-11,3569.716552734375
2024-09-12,3558.962646484375
2024-09-13,3560.900634765625
2024-09-14,3560.900634765625
2024-09-15,3560.900634765625
2024-09-16,3578.51904296875
2024-09-17,3577.0751953125
2024-09-18,3598.733642578125
2024-09-19,3605.13671875
2024-09-20,3606.45458984375
2024-09-21,3606.45458984375
2024-09-22,3606.45458984375
2024-09-23,3603.804931640625
2024-09-24,3610.30224609375
2024-09-25,3641.44482421875
2024-09-26,3679.859619140625
2024-09-27,3637.89990234375
2024-09-28,3637.89990234375
2024-09-29,3637.89990234375
2024-09-30,3664.9697265625
2024-10-01,3678.613037109375
2024-10-02,3664.449462890625
2024-10-03,3671.73828125
2024-10-04,3662.796142578125
2024-10-05,3662.796142578125
2024-10-06,3662.796142578125
2024-10-07,3707.213134765625
2024-10-08,3680.654541015625
2024-10-09,3659.836669921875
2024-10-10,3649.295166015625
2024-10-11,3652.890380859375
2024-10-12,3652.890380859375
2024-10-13,3652.890380859375
2024-10-14,3629.62109375
2024-10-15,3618.114013671875
2024-10-16,3614.10498046875
2024-10-17,3629.126953125
2024-10-18,3593.4130859375
2024-10-19,3593.4130859375
2024-10-20,3593.4130859375
2024-10-21,3593.21630859375
2024-10-22,3613.47265625
2024-10-23,3601.61767578125
2024-10-24,3598.62158203125
2024-10-25,3594.45458984375
2024-10-26,3594.45458984375
2024-10-27,3594.45458984375
2024-10-28,3618.43310546875
2024-10-29,3610.869140625
2024-10-30,3604.938232421875
2024-10-31,3584.429443359375
2024-11-01,3593.596435546875
2024-11-02,3593.596435546875
2024-11-03,3593.596435546875
2024-11-04,3618.134033203125
2024-11-05,3611.206298828125
2024-11-06,3609.447021484375
2024-11-07,3593.8203125
2024-11-08,3539.931640625
2024-11-09,3539.931640625
2024-11-10,3539.931640625
2024-11-11,3569.423828125
2024-11-12,3571.9951171875
2024-11-13,3558.462890625
2024-11-14,3558.769287109375
2024-11-15,3554.556640625
2024-11-16,3554.556640625
2024-11-17,3554.556640625
2024-11-18,3555.083251953125
2024-11-19,3529.880859375
2024-11-20,3538.89697265625
2024-11-21,3558.760986328125
2024-11-22,3542.418701171875
2024-11-23,3542.418701171875
2024-11-24,3542.418701171875
2024-11-25,3564.68212890625
2024-11-26,3562.0966796875
2024-11-27,3573.752197265625
2024-11-28,3573.78369140625
2024-11-29,3572.103515625
2024-11-30,3572.103515625
2024-12-01,3572.103515625
2024-12-02,3560.85498046875
2024-12-03,3567.2646484375
2024-12-04,3565.99560546875
2024-12-05,3572.509765625
2024-12-06,3577.594482421875
2024-12-07,3577.594482421875
2024-12-08,3577.594482421875
2024-12-09,3580.90283203125
2024-12-10,3585.489990234375
2024-12-11,3592.592529296875
2024-12-12,3597.202880859375
2024-12-13,3598.287353515625
2024-12-14,3598.287353515625
2024-12-15,3598.287353515625
2024-12-16,3600.0
2024-12-17,3583.380126953125
2024-12-18,3565.7001953125
2024-12-19,3601.8515625
2024-12-20,3547.064697265625
2024-12-21,3547.064697265625
2024-12-22,3547.064697265625
2024-12-23,3587.6220703125
2024-12-24,3611.937744140625
2024-12-25,3567.260986328125
2024-12-26,3567.260986328125
2024-12-27,3622.5107421875
2024-12-28,3622.5107421875
2024-12-29,3622.5107421875
2024-12-30,3618.025390625
2024-12-31,3602.597900390625
2025-01-01,3602.597900390625
2025-01-02,3628.954833984375
2025-01-03,3626.147216796875
2025-01-04,3626.147216796875
2025-01-05,3626.147216796875
2025-01-06,3597.111083984375
2025-01-07,3585.396240234375
2025-01-08,3600.6015625
2025-01-09,3595.2470703125
2025-01-10,3605.818359375
2025-01-11,3605.818359375
2025-01-12,3605.818359375
2025-01-13,3623.262451171875
2025-01-14,3613.12646484375
2025-01-15,3622.6416015625
2025-01-16,3636.54150390625
2025-01-17,3635.491455078125
2025-01-18,3635.491455078125
2025-01-19,3635.491455078125
2025-01-20,3634.04345703125
2025-01-21,3615.624267578125
2025-01-22,3649.3408203125
2025-01-23,3659.7451171875
2025-01-24,3642.394287109375
2025-01-25,3642.394287109375
2025-01-26,3642.394287109375
2025-01-27,3692.975341796875
2025-01-28,3689.7568359375
2025-01-29,3596.10693359375
2025-01-30,3698.861083984375
2025-01-31,3707.17529296875
2025-02-01,3707.17529296875
2025-02-02,3707.17529296875
2025-02-03,3667.968505859375
2025-02-04,3646.927490234375
2025-02-05,3667.416748046875
2025-02-06,3685.471923828125
2025-02-07,3690.3955078125
2025-02-08,3690.3955078125
2025-02-09,3690.3955078125
2025-02-10,3676.16259765625
2025-02-11,3677.536376953125
2025-02-12,3655.70458984375
2025-02-13,3661.896240234375
2025-02-14,3642.46435546875
2025-02-15,3642.46435546875
2025-02-16,3642.46435546875
2025-02-17,3647.08544921875
2025-02-18,3658.096435546875
2025-02-19,3670.453369140625
2025-02-20,3680.513427734375
2025-02-21,3667.94580078125
2025-02-22,3667.94580078125
2025-02-23,3667.94580078125
2025-02-24,3684.0556640625
2025-02-25,3690.1982421875
2025-02-26,3687.1962890625
2025-02-27,3695.5068359375
2025-02-28,3724.041015625
2025-03-01,3724.041015625
2025-03-02,3724.041015625
2025-03-03,3703.081298828125
2025-03-04,3687.1708984375
2025-03-05,3676.543212890625
2025-03-06,3673.681884765625
2025-03-07,3686.52734375
2025-03-08,3686.52734375
2025-03-09,3686.52734375
2025-03-10,3690.701171875
2025-03-11,3690.29052734375
2025-03-12,3723.974609375
2025-03-13,3685.19189453125
2025-03-14,3552.839111328125
2025-03-15,3552.839111328125
2025-03-16,3552.839111328125
2025-03-17,3670.52734375
2025-03-18,3686.283447265625
2025-03-19,3716.021484375
2025-03-20,3684.062255859375
2025-03-21,3712.23583984375
2025-03-22,3712.23583984375
2025-03-23,3712.23583984375
2025-03-24,3734.34326171875
2025-03-25,3736.063232421875
2025-03-26,3746.421630859375
2025-03-27,3754.1484375
2025-03-28,3737.109375
2025-03-29,3737.109375
2025-03-30,3737.109375
2025-03-31,3735.211181640625
2025-04-01,3752.5634765625
2025-04-02,3770.456298828125
2025-04-03,3748.936279296875
2025-04-04,3726.9248046875
2025-04-05,3726.9248046875
2025-04-06,3726.9248046875
2025-04-07,3772.36865234375
2025-04-08,3762.946533203125
2025-04-09,3799.59912109375
2025-04-10,3737.878173828125
2025-04-11,3767.636474609375
2025-04-12,3767.636474609375
2025-04-13,3767.636474609375
2025-04-14,3796.04296875
2025-04-15,3800.679443359375
2025-04-16,3810.425048828125
2025-04-17,3808.18505859375
2025-04-18,3808.18505859375
2025-04-19,3808.18505859375
2025-04-20,3808.18505859375
2025-04-21,3808.18505859375
2025-04-22,3848.72412109375
2025-04-23,3839.2392578125
2025-04-24,3836.483642578125
2025-04-25,3836.839599609375
2025-04-26,3836.839599609375
2025-04-27,3836.839599609375
2025-04-28,3846.13623046875
2025-04-29,3849.41552734375
2025-04-30,3861.790771484375
2025-05-01,3835.206787109375
2025-05-02,3848.881591796875
2025-05-03,3848.881591796875
2025-05-04,3848.881591796875
2025-05-05,3862.48974609375
2025-05-06,3910.238037109375
2025-05-07,3882.339111328125
2025-05-08,3890.681884765625
2025-05-09,3863.186279296875
2025-05-10,3863.186279296875
2025-05-11,3863.186279296875
2025-05-12,3849.895263671875
2025-05-13,3883.825927734375
2025-05-14,3840.6015625
2025-05-15,3859.72021484375
2025-05-16,3855.64501953125
2025-05-17,3855.64501953125
2025-05-18,3855.64501953125
2025-05-19,3837.756103515625
2025-05-20,3828.478271484375
2025-05-21,3815.982421875
2025-05-22,3828.477783203125
2025-05-23,3826.175537109375
2025-05-24,3826.175537109375
2025-05-25,3826.175537109375
2025-05-26,3831.48193359375
2025-05-27,3850.0830078125
2025-05-28,3840.056640625
2025-05-29,3854.721923828125
2025-05-30,3842.688720703125
2025-05-31,3842.688720703125
2025-06-01,3842.688720703125
2025-06-02,3834.60595703125
2025-06-03,3826.85302734375
2025-06-04,3847.58544921875
2025-06-05,3836.001953125
2025-06-06,3841.37109375
2025-06-07,3841.37109375
2025-06-08,3841.37109375
2025-06-09,3857.835693359375
2025-06-10,3844.52001953125
2025-06-11,3837.89990234375
2025-06-12,3723.421875
2025-06-13,3829.542724609375
2025-06-14,3829.542724609375
2025-06-15,3829.542724609375
2025-06-16,3834.6484375
2025-06-17,3726.21142578125
2025-06-18,3831.2099609375
2025-06-19,3669.803466796875
2025-06-20,3844.7099609375
2025-06-21,3844.7099609375
2025-06-22,3844.7099609375
2025-06-23,3863.8447265625
2025-06-24,3725.070068359375
2025-06-25,3847.68994140625
2025-06-26,3671.275146484375
2025-06-27,3835.781005859375
2025-06-28,3835.781005859375
2025-06-29,3835.781005859375
2025-06-30,3838.00390625
2025-07-01,3851.449951171875
2025-07-02,3831.685546875
2025-07-03,3711.8466796875
2025-07-04,3830.77294921875
2025-07-05,3830.77294921875
2025-07-06,3830.77294921875
2025-07-07,3832.740966796875
2025-07-08,3855.00048828125
2025-07-09,3834.2373046875
2025-07-10,3819.550537109375
2025-07-11,3816.127197265625
2025-07-12,3816.127197265625
2025-07-13,3816.127197265625
2025-07-14,3814.697265625
2025-07-15,3823.868408203125
2025-07-16,3830.78369140625
2025-07-17,3833.027099609375
2025-07-18,3845.99072265625
2025-07-19,3845.99072265625
2025-07-20,3845.99072265625
2025-07-21,3843.85302734375
2025-07-22,3855.341796875
2025-07-23,3840.482177734375
2025-07-24,3847.687744140625
2025-07-25,3868.802001953125
2025-07-26,3868.802001953125
2025-07-27,3868.802001953125
2025-07-28,3873.741455078125
2025-07-29,3875.86865234375
2025-07-30,3865.391357421875
2025-07-31,3877.12255859375
2025-08-01,3864.712890625
2025-08-02,3864.712890625
2025-08-03,3864.712890625
2025-08-04,3853.4189453125
2025-08-05,3861.239013671875
2025-08-06,3874.63037109375
2025-08-07,3864.5390625
2025-08-08,3849.787353515625
2025-08-09,3849.787353515625
2025-08-10,3849.787353515625
2025-08-11,3832.311279296875
2025-08-12,3850.005859375
2025-08-13,3841.607666015625
2025-08-14,3828.639404296875
2025-08-15,3838.33837890625
2025-08-16,3838.33837890625
2025-08-17,3838.33837890625
2025-08-18,3844.29150390625
2025-08-19,3839.19482421875
2025-08-20,3854.368896484375
2025-08-21,3851.396240234375
2025-08-22,3868.150146484375
2025-08-23,3868.150146484375
2025-08-24,3868.150146484375
2025-08-25,3838.438720703125
2025-08-26,3866.19140625
2025-08-27,3866.49267578125
2025-08-28,3852.638916015625
2025-08-29,3876.452392578125
2025-08-30,3876.452392578125
2025-08-31,3876.452392578125
2025-09-01,3883.786865234375
2025-09-02,3888.994140625
2025-09-03,3888.431640625
2025-09-04,3894.500244140625
2025-09-05,3895.07080078125
2025-09-06,3895.07080078125
2025-09-07,3895.07080078125
2025-09-08,3880.865478515625
2025-09-09,3905.394287109375
2025-09-10,3911.079345703125
2025-09-11,3900.35595703125
2025-09-12,3887.73095703125
2025-09-13,3887.73095703125
2025-09-14,3887.73095703125
2025-09-15,3900.356689453125
2025-09-16,3890.40771484375
2025-09-17,3901.070068359375
2025-09-18,3925.98779296875
2025-09-19,3948.9990234375
2025-09-20,3948.9990234375
2025-09-21,3948.9990234375
2025-09-22,3954.599365234375
2025-09-23,3945.74658203125
2025-09-24,3962.367431640625
2025-09-25,3967.91455078125
2025-09-26,3975.803466796875
2025-09-27,3975.803466796875
2025-09-28,3975.803466796875
2025-09-29,3961.38818359375
2025-09-30,3944.95849609375
2025-10-01,3964.1201171875
2025-10-02,3955.793212890625
2025-10-03,3948.638671875
2025-10-04,3948.638671875
2025-10-05,3948.638671875
2025-10-06,3934.885986328125
2025-10-07,3937.603759765625
2025-10-08,3935.4609375
2025-10-09,3926.945068359375
2025-10-10,3931.688720703125
2025-10-11,3931.688720703125
2025-10-12,3931.688720703125
2025-10-13,3928.520751953125
2025-10-14,3914.833251953125
2025-10-15,3920.55322265625
2025-10-16,3916.587890625
2025-10-17,3917.681884765625
2025-10-18,3917.681884765625
2025-10-19,3917.681884765625
2025-10-20,3920.01904296875
2025-10-21,3914.33984375
2025-10-22,3925.041259765625
2025-10-23,3923.404296875
2025-10-24,3922.2314453125
2025-10-25,3922.2314453125
2025-10-26,3922.2314453125
2025-10-27,3929.4033203125
2025-10-28,3838.38623046875
2025-10-29,3949.255615234375
2025-10-30,3955.1044921875
2025-10-31,3961.643798828125
2025-11-01,3961.643798828125
2025-11-02,3961.643798828125
2025-11-03,3971.3466796875
2025-11-04,3968.567626953125
2025-11-05,3980.226318359375
2025-11-06,3976.85791015625
2025-11-07,3990.91552734375
2025-11-08,3990.91552734375
2025-11-09,3990.91552734375
2025-11-10,3987.787353515625
2025-11-11,4012.019287109375
2025-11-12,4033.5830078125
2025-11-13,4045.21826171875
2025-11-14,4049.16455078125
2025-11-15,4049.16455078125
2025-11-16,4049.16455078125
2025-11-17,4036.1767578125
2025-11-18,4028.155517578125
2025-11-19,4017.243896484375
2025-11-20,4023.85546875
2025-11-21,4025.26171875
2025-11-22,4025.26171875
2025-11-23,4025.26171875
2025-11-24,3992.58544921875
2025-11-25,4019.560546875
2025-11-26,4022.977294921875
2025-11-27,4020.067626953125
2025-11-28,4024.443359375
2025-11-29,4024.443359375
2025-11-30,4024.443359375
2025-12-01,4027.102294921875
2025-12-02,4020.576171875
2025-12-03,4019.11669921875
2025-12-04,4025.227294921875
2025-12-05,4050.09716796875
2025-12-06,4050.09716796875
2025-12-07,4050.09716796875
2025-12-08,4057.650146484375
2025-12-09,4056.892822265625
2025-12-10,4048.10498046875
2025-12-11,4040.5537109375
2025-12-12,4050.35888671875
2025-12-13,4050.35888671875
2025-12-14,4050.35888671875
2025-12-15,4058.038330078125
2025-12-16,4067.3916015625
2025-12-17,4071.944091796875
2025-12-18,4077.04541015625
2025-12-19,4086.6796875
2025-12-20,4086.6796875
2025-12-21,4086.6796875
2025-12-22,4090.875732421875
2025-12-23,4110.3046875
2025-12-24,4117.8642578125
2025-12-25,4117.8642578125
2025-12-26,4141.65625
2025-12-27,4141.65625
2025-12-28,4141.65625
2025-12-29,4135.13623046875
2025-12-30,4130.5419921875
2025-12-31,4130.69775390625
2026-01-01,4130.69775390625
2026-01-02,4107.44189453125
2026-01-03,4107.44189453125
2026-01-04,4107.44189453125
2026-01-05,4115.19482421875
2026-01-06,4110.01953125
2026-01-07,4137.9140625
2026-01-08,4093.5859375
2026-01-09,4136.861328125
2026-01-10,4136.861328125
2026-01-11,4136.861328125
2026-01-12,4110.58984375
2026-01-13,4152.123046875
2026-01-14,4152.55712890625
2026-01-15,4162.54931640625
2026-01-16,4164.26171875
2026-01-17,4164.26171875
2026-01-18,4164.26171875
2026-01-19,4159.359375
2026-01-20,4177.31201171875
2026-01-21,4183.9931640625
2026-01-22,4175.70751953125
2026-01-23,4163.3662109375
2026-01-24,4163.3662109375
2026-01-25,4163.3662109375
2026-01-26,4187.24267578125
2026-01-27,4219.896484375
2026-01-28,4219.66357421875
2026-01-29,4270.22216796875
2026-01-30,4272.6923828125
2026-01-31,4272.6923828125
2026-02-01,4272.6923828125
2026-02-02,4250.126953125
2026-02-03,4251.9345703125
2026-02-04,4261.66552734375
2026-02-05,4272.634765625
2026-02-06,4277.20751953125
2026-02-07,4277.20751953125
2026-02-08,4277.20751953125
2026-02-09,4268.27099609375
2026-02-10,4268.9033203125
2026-02-11,4277.8837890625
2026-02-12,4289.91064453125
2026-02-13,4308.7763671875
2026-02-14,4308.7763671875
2026-02-15,4308.7763671875
2026-02-16,4306.58984375
2026-02-17,4315.8974609375
2026-02-18,4318.97412109375
2026-02-19,4337.1796875
2026-02-20,4323.32177734375
2026-02-21,4323.32177734375
2026-02-22,4323.32177734375
2026-02-23,4315.5009765625
2026-02-24,4324.33837890625
2026-02-25,4320.9716796875
2026-02-26,4309.68896484375
2026-02-27,4313.0390625
2026-02-28,4313.0390625
2026-03-01,4313.0390625
2026-03-02,4316.55224609375
2026-03-03,4294.66455078125
